flag,S,T,Patm,P,pH,CO2,fCO2,pCO2,fCO2pot,pCO2pot,fCO2insitu,pCO2insitu,HCO3,CO3,DIC,ALK,OmegaAragonite,OmegaCalcite
8,36.6,29.5,0,0,8.255712110654017,5.062431431782467e-6,200.14912937673043,200.14912937673043,200.14912937673043,200.14912937673043,200.14912937673043,200.14912937673043,0.001455603167947887,3.437199766840789e-4,0.001804385576063748,0.002308968,5.513777522182627,8.225813447397847
8,36.5,29.4,0,0,8.131556175314378,7.141315006946742e-6,281.5477062172581,281.5477062172581,281.5477062172581,281.5477062172581,281.5477062172581,281.5477062172581,0.001538517936507607,2.713400683487857e-4,0.0018169993198633393,0.002215542,4.3538641972684315,6.498406432451629
8,36.5,29.2,0,0,8.018457460846129,1.070354767155845e-5,420.03737535689885,420.03737535689885,420.03737535689885,420.03737535689885,420.03737535689885,420.03737535689885,0.0017704962585362875,2.389388541320725e-4,0.0020201386603399185,0.002357832,3.829884876134544,5.720227810330906
8,36.5,29.6,0,0,8.064968086404676,9.52407971351446e-6,377.22681035608696,377.22681035608696,377.22681035608696,377.22681035608696,377.22681035608696,377.22681035608696,0.001766901804579694,2.692495917169137e-4,0.002045675476010122,0.002425624,4.324955768435153,6.450845761224702
8,36.4,28.7,0,0,8.082336220101567,8.909499670052378e-6,345.40314239221857,345.40314239221857,345.40314239221857,345.40314239221857,345.40314239221857,345.40314239221857,0.0016894870095627407,2.5881155743224783e-4,0.001957208066665041,0.002327843,4.140809305657779,6.195842936732832
8,36.4,29,0,0,8.080788857750262,8.716231068474114e-6,340.29021639416385,340.29021639416385,340.29021639416385,340.29021639416385,340.29021639416385,340.29021639416385,0.0016564860353501887,2.555969712111496e-4,0.001920799237629812,0.0022890059999999997,4.095810135079274,6.12232784810126
8,36.4,28.7,0,0,8.038593116048348,1.0206743877591654e-5,395.69465620643194,395.69465620643194,395.69465620643194,395.69465620643194,395.69465620643194,395.69465620643194,0.0017500306447000757,2.4239929866903744e-4,0.0020026366872467048,0.002346496,3.878224301773802,5.80294016785054
8,36.4,28.8,0,0,8.034008291834432,1.0357598312261501e-5,402.4852194798341,402.4852194798341,402.4852194798341,402.4852194798341,402.4852194798341,402.4852194798341,0.0017606335113166045,2.421767182109752e-4,0.002013167827839841,0.0023560189999999996,3.876685371336452,5.79869063043235
8,36.4,29,0,0,8.048228157710797,9.834156765780786e-6,383.9351329252353,383.9351329252353,383.9351329252353,383.9351329252353,383.9351329252353,383.9351329252353,0.0017339456124101178,2.482233858551217e-4,0.0019920031550310206,0.002344891,3.977652218379462,5.945707965824688
8,36.6,29.2,0,0,8.174508870792394,6.135619462244829e-6,240.89962853932926,240.89962853932926,240.89962853932926,240.89962853932926,240.89962853932926,240.89962853932926,0.001454965697498033,2.819229833226098e-4,0.0017430243002828879,0.002163075,4.515256870885154,6.743049418461846
8,36.6,29.3,0,0,8.020746081370591,1.0621360047528357e-5,417.98955670949124,417.98955670949124,417.98955670949124,417.98955670949124,417.98955670949124,417.98955670949124,0.0017710945783967454,2.4172264745665146e-4,0.0020234385859009257,0.00236513,3.8734614255756337,5.782629616576486
8,36.6,29.5,0,0,8.134698893839802,7.041742593085066e-6,278.4035039867732,278.4035039867732,278.4035039867732,278.4035039867732,278.4035039867732,278.4035039867732,0.0015323245758548873,2.7384154204420437e-4,0.0018132078604921771,0.002215887,4.39282393106569,6.553501663575897
8,36.6,29.5,0,0,8.18007416514611,6.455901085527632e-6,255.2415769028371,255.2415769028371,255.2415769028371,255.2415769028371,255.2415769028371,255.2415769028371,0.0015595624152566201,3.09404479034753e-4,0.001875422795376901,0.002325067,4.963306113954674,7.404584245821887
8,36.4,29.3,0,0,8.107433449962663,8.163227616037351e-6,320.9316666437249,320.9316666437249,320.9316666437249,320.9316666437249,320.9316666437249,320.9316666437249,0.0016590460652674357,2.751401498467659e-4,0.001942349442730239,0.002337419,4.415998008207227,6.594230099580253
8,36.3,29.4,0,0,8.035051100622374,1.0197824689889142e-5,401.6494040088104,401.6494040088104,401.6494040088104,401.6494040088104,401.6494040088104,401.6494040088104,0.001756194248985754,2.4683955504823854e-4,0.002013231628723882,0.00236245,3.967031201656339,5.922563949199109
8,36.4,28.9,0,0,8.050832465747686,9.767209637587764e-6,380.43222786555197,380.43222786555197,380.43222786555197,380.43222786555197,380.43222786555197,380.43222786555197,0.0017291773470466656,2.481357252940808e-4,0.0019870802819783344,0.002340188,3.974156616977098,5.942486819888727
8,36.5,29,0,0,8.023945911823436,1.0525874116945435e-5,411.1467298533859,411.1467298533859,411.1467298533859,411.1467298533859,411.1467298533859,411.1467298533859,0.0017565082656512997,2.383460700091188e-4,0.002005380209777364,0.002343183,3.8163534804966353,5.703880534424493
8,36.5,29,0,0,8.024367772171592,1.0568907259312368e-5,412.82762927921095,412.82762927921095,412.82762927921095,412.82762927921095,412.82762927921095,412.82762927921095,0.0017654034598387222,2.3978589415454338e-4,0.0020157582612525776,0.002355042,3.8394076801672408,5.738337091294793
8,36.4,28.6,0,0,8.012972776183116,1.113886394639385e-5,430.81813558990956,430.81813558990956,430.81813558990956,430.81813558990956,430.81813558990956,430.81813558990956,0.0017969722690561575,2.3379962476740933e-4,0.0020419107577699606,0.00237089,3.7386919904928133,5.596033341221898
8,36.4,28.9,0,0,7.994039380686945,1.1485401053641305e-5,447.3556801679591,447.3556801679591,447.3556801679591,447.3556801679591,447.3556801679591,447.3556801679591,0.001784111973558348,2.2463570226257705e-4,0.0020202330768745664,0.00233688,3.5977788425994692,5.379695722531478
8,36.4,28.8,0,0,8.046490955625014,9.998791354094655e-6,388.5423639109215,388.5423639109215,388.5423639109215,388.5423639109215,388.5423639109215,388.5423639109215,0.0017492024194728105,2.476202507458213e-4,0.002006821461572727,0.002358,3.9638236524318624,5.929030827208686
8,36.4,28.8,0,0,7.989123724251201,1.1858337574597992e-5,460.8023460156693,460.8023460156693,460.8023460156693,460.8023460156693,460.8023460156693,460.8023460156693,0.0018178127339584964,2.254903702207819e-4,0.0020551614417538763,0.00237109,3.6095757927094176,5.39915193628515
8,36.4,28.7,0,0,8.022165875602996,1.0682438012690912e-5,414.13634823916385,414.13634823916385,414.13634823916385,414.13634823916385,414.13634823916385,414.13634823916385,0.0017636060405245416,2.3521230751133386e-4,0.0020095007860485665,0.002342425,3.7632373198910867,5.630886536078411
8,36.4,28.8,0,0,8.007465058343824,1.1067456811528933e-5,430.06956338502806,430.06956338502806,430.06956338502806,430.06956338502806,430.06956338502806,430.06956338502806,0.0017697605176382263,2.2899958451637703e-4,0.0020098275589661325,0.002333561,3.665750142684575,5.483176726968454
8,36.4,28.6,0,0,8.004109391197263,1.1144284933640091e-5,431.0278032570722,431.0278032570722,431.0278032570722,431.0278032570722,431.0278032570722,431.0278032570722,0.0017615269754937956,2.2455790500957473e-4,0.0019972291654370106,0.0023152510000000004,3.5909075632450422,5.374831224466916
8,36.4,28.6,0,0,8.05246427110368,9.832810144121576e-6,380.3038581211363,380.3038581211363,380.3038581211363,380.3038581211363,380.3038581211363,380.3038581211363,0.0017372792175468822,2.4755035530032716e-4,0.001994662382991331,0.002346573,3.958580051296969,5.925159389242368
8,36.4,28.6,0,0,8.042537088317895,1.0124157808740601e-5,391.57231945468897,391.57231945468897,391.57231945468897,391.57231945468897,391.57231945468897,391.57231945468897,0.0017483311437861727,2.4349522036701328e-4,0.0020019505219619265,0.002347496,3.8937343505793964,5.828099052586338
8,36.4,28.6,0,0,8.028511030133492,1.0539709591584624e-5,407.64462675528074,407.64462675528074,407.64462675528074,407.64462675528074,407.64462675528074,407.64462675528074,0.0017622494118664169,2.376337179711292e-4,0.002010422839429131,0.002346884,3.80000301084116,5.687803006903413
8,36.4,28.7,0,0,8.042339039542458,1.0097745803175024e-5,391.4690230269671,391.4690230269671,391.4690230269671,391.4690230269671,391.4690230269671,391.4690230269671,0.0017463399689305239,2.4398348069974504e-4,0.0020004211954334442,0.00234673,3.9035701393387527,5.840864838382411
8,36.4,28.7,0,0,8.03270195699472,1.0374995835368417e-5,402.2174416693552,402.2174416693552,402.2174416693552,402.2174416693552,402.2174416693552,402.2174416693552,0.001754911454627455,2.398003181435123e-4,0.002005086768606336,0.0023449969999999997,3.836642376870254,5.740721635990745
8,36.4,28.9,0,0,8.001514325000825,1.1331288303667871e-5,441.3529978267044,441.3529978267044,441.3529978267044,441.3529978267044,441.3529978267044,441.3529978267044,0.0017907302786412283,2.293832992678073e-4,0.0020314448662127034,0.002354424,3.673816640182688,5.4933937101803245
8,36.4,28.8,0,0,8.025549192585027,1.0556383721263743e-5,410.2098083815818,410.2098083815818,410.2098083815818,410.2098083815818,410.2098083815818,410.2098083815818,0.0017598107594667593,2.3739430449523226e-4,0.0020077614476832553,0.002343944,3.8001300631777704,5.684180293480096
8,36.4,29,0,0,8.04984280209234,9.829238284832912e-6,383.74311060125905,383.74311060125905,383.74311060125905,383.74311060125905,383.74311060125905,383.74311060125905,0.0017395337209050287,2.499509090002996e-4,0.0019993138681901608,0.0023542660000000003,4.005334889160245,5.987087419618078
8,36.2,28.6,0,0,7.988049103736814,1.1936820321686076e-5,461.21582834547553,461.21582834547553,461.21582834547553,461.21582834547553,461.21582834547553,461.21582834547553,0.0018151527913785855,2.2193787673385407e-4,0.0020490274884341258,0.002359864,3.5545346457448224,5.321776993751001
8,36.4,28.6,0,0,8.048158791795464,9.965374456030802e-6,385.43105152051174,385.43105152051174,385.43105152051174,385.43105152051174,385.43105152051174,385.43105152051174,0.0017433320466931413,2.459623104468345e-4,0.0019992597315960066,0.002348571,3.9331856111638723,5.887149268583099
8,36.4,28.6,0,0,8.047156502599965,9.897515746677421e-6,382.80647842330416,382.80647842330416,382.80647842330416,382.80647842330416,382.80647842330416,382.80647842330416,0.0017274695607579723,2.4316248032193763e-4,0.001980529556826587,0.002326905,3.888413501400626,5.8201348636443955
8,36.4,28.2,0,0,7.989170054650201,1.2032217585863068e-5,460.99825264860016,460.99825264860016,460.99825264860016,460.99825264860016,460.99825264860016,460.99825264860016,0.0018233900271713878,2.2137251677525533e-4,0.002056794761532506,0.002366852,3.5326936311319797,5.294742302112315
8,36.4,28.2,0,0,7.92591858521996,1.423948322519198e-5,545.5666703655023,545.5666703655023,545.5666703655023,545.5666703655023,545.5666703655023,545.5666703655023,0.0018654201218957901,1.9578044670658077e-4,0.0020754400518275627,0.002346444,3.1242917922041773,4.682636436555385
8,36.4,28.2,0,0,8.04297154987852,1.0268821445633513e-5,393.43609849272514,393.43609849272514,393.43609849272514,393.43609849272514,393.43609849272514,393.43609849272514,0.0017613919040633445,2.420480668866371e-4,0.002013708792395615,0.002356603,3.86263695590694,5.789255855054008
8,36.4,28.2,0,0,7.970390586500177,1.320747676229096e-5,506.0267291431622,506.0267291431622,506.0267291431622,506.0267291431622,506.0267291431622,506.0267291431622,0.0019167888980913702,2.228634989199508e-4,0.002152859873773612,0.002459783,3.5564869330441797,5.3304033062342855
8,36.4,28.3,0,0,8.007368408990265,1.1318671947756574e-5,434.6872833736943,434.6872833736943,434.6872833736943,434.6872833736943,434.6872833736943,434.6872833736943,0.0017921349039008855,2.2770766833731017e-4,0.002031161244185952,0.002351969,3.6356490956874756,5.447243329396682
8,36.6,28.3,0,0,7.992569642113831,1.1693665635644512e-5,449.54264229909614,449.54264229909614,449.54264229909614,449.54264229909614,449.54264229909614,449.54264229909614,0.0017925670442774432,2.2118261325810895e-4,0.002025443323171197,0.0023372759999999997,3.5259396682287547,5.281565678003471
8,36.4,28.2,0,0,7.982799551301113,1.1990294098469912e-5,459.3920105493974,459.3920105493974,459.3920105493974,459.3920105493974,459.3920105493974,459.3920105493974,0.0017905779434179488,2.1422337372228626e-4,0.002016791611238705,0.0023185610000000002,3.418606604886912,5.123750569724699
8,36.4,28.2,0,0,8.047245541646221,1.0139825277440925e-5,388.49378360265723,388.49378360265723,388.49378360265723,388.49378360265723,388.49378360265723,388.49378360265723,0.0017564664418861634,2.437583330172989e-4,0.0020103646001809034,0.0023559569999999997,3.8899296223830757,5.830161648427982
8,36.3,28.2,0,0,8.030050080756869,1.0677943961687906e-5,408.904279416432,408.904279416432,408.904279416432,408.904279416432,408.904279416432,408.904279416432,0.0017763420249922693,2.3638483949824066e-4,0.0020234048084521983,0.002357273,3.7751845620480036,5.658907280862769
8,36.4,28.3,0,0,8.04451392354353,1.0204899900551655e-5,391.91348908654527,391.91348908654527,391.91348908654527,391.91348908654527,391.91348908654527,391.91348908654527,0.0017600681705317212,2.4360262377180064e-4,0.0020138756942040736,0.0023589839999999997,3.889432733161618,5.827483883409675
8,36.3,28.3,0,0,8.02611507253483,1.0770235206911506e-5,413.41599010675327,413.41599010675327,413.41599010675327,413.41599010675327,413.41599010675327,413.41599010675327,0.0017789834375942619,2.3544767833388172e-4,0.002025201351135055,0.002357547,3.762145948923751,5.637494025487635
8,36.3,28.3,0,0,7.908541023515754,1.5166103851018803e-5,582.1516168567274,582.1516168567274,582.1516168567274,582.1516168567274,582.1516168567274,582.1516168567274,0.0019109384260874167,1.929279510853401e-4,0.0021190324810237754,0.002383262,3.0827363206385177,4.6194134479883795
8,36.4,28.3,0,0,7.9419831672458105,1.3769164559394284e-5,528.7970854067177,528.7970854067177,528.7970854067177,528.7970854067177,528.7970854067177,528.7970854067177,0.0018754158153339604,2.0498368221732262e-4,0.002094168662110677,0.00237785,3.2728311010595332,4.903638088900163
8,36.4,28.3,0,0,8.050699337614258,1.0020539329842963e-5,384.8332241921758,384.8332241921758,384.8332241921758,384.8332241921758,384.8332241921758,384.8332241921758,0.0017530618995964928,2.4611333057885184e-4,0.0020091957695051875,0.0023582489999999998,3.9295194329168073,5.887545237542559
8,36.4,28.2,0,0,8.036656826777765,1.0208907105551878e-5,391.1405610417834,391.1405610417834,391.1405610417834,391.1405610417834,391.1405610417834,391.1405610417834,0.0017258375835325667,2.337388063836806e-4,0.001969785297021799,0.0023031700000000002,3.730036612893213,5.59051667222699
8,36.4,28.2,0,0,8.013326415799584,1.114660093335637e-5,427.06704035056345,427.06704035056345,427.06704035056345,427.06704035056345,427.06704035056345,427.06704035056345,0.0017857995628470615,2.292098098594185e-4,0.0020261559736398363,0.0023495100000000004,3.6577622519664557,5.482193065338266
8,36.4,28.2,0,0,8.051498166863787,1.005029126500635e-5,385.0634081967593,385.0634081967593,385.0634081967593,385.0634081967593,385.0634081967593,385.0634081967593,0.001758088198069509,2.463842249718843e-4,0.0020145227143064,0.00236369,3.9318339740123354,5.892967191840739
8,36.4,28,0,0,7.975172981616652,1.254133881011309e-5,478.2288663738879,478.2288663738879,478.2288663738879,478.2288663738879,478.2288663738879,478.2288663738879,0.0018331193957967068,2.1394773547466972e-4,0.00205960847008149,0.00235864,3.410740249775546,5.115340142758284
8,36.4,28.1,0,0,7.914517313377639,1.4703962317920538e-5,562.0282238440278,562.0282238440278,562.0282238440278,562.0282238440278,562.0282238440278,562.0282238440278,0.0018727129908171665,1.9076458246355705e-4,0.002078181535598644,0.002341554,3.0426983725329126,4.561854606126946
8,36.4,27.9,0,0,8.031749315185968,1.0492919417692723e-5,399.1667551646509,399.1667551646509,399.1667551646509,399.1667551646509,399.1667551646509,399.1667551646509,0.0017437030195065367,2.3099371182117853e-4,0.0019851896507454077,0.002313736,3.6806270978047917,5.521927142648872
8,36.4,28,0,0,7.956412568824899,1.3513836757251535e-5,515.3123546563289,515.3123546563289,515.3123546563289,515.3123546563289,515.3123546563289,515.3123546563289,0.0018917559457601722,2.1145679055332002e-4,0.002116726573070744,0.002408932,3.371029775231976,5.055783398578168
8,36.4,28.1,0,0,7.9935230445680485,1.1345483353472255e-5,433.65738567165823,433.65738567165823,433.65738567165823,433.65738567165823,433.65738567165823,433.65738567165823,0.0017332674299380833,2.117862841313599e-4,0.0019563991974229154,0.002258106,3.37799487582757,5.0645577040681635
8,36.3,28.1,0,0,7.983056006254004,1.2166592043592833e-5,464.80726002324104,464.80726002324104,464.80726002324104,464.80726002324104,464.80726002324104,464.80726002324104,0.0018128827183617315,2.1572664390041835e-4,0.002040775954305743,0.002343304,3.443504154501369,5.163433469605958
8,26.2,28,0,0,7.956756253779989,1.503823362412872e-5,544.5649186284037,544.5649186284037,544.5649186284037,544.5649186284037,544.5649186284037,544.5649186284037,0.0019069528638871781,1.6890898949342416e-4,0.002090900087004731,0.0023060439999999997,2.848131903838576,4.399786217198404
8,36.3,28,0,0,8.039772501065098,1.0736787741996831e-5,409.21002354346575,409.21002354346575,409.21002354346575,409.21002354346575,409.21002354346575,409.21002354346575,0.0018194753000998895,2.458280694947582e-4,0.0020760401573366445,0.00242065,3.9219988689255683,5.882862150454183
8,36.4,28,0,0,8.02290641630936,1.095035292356093e-5,417.56107097638574,417.56107097638574,417.56107097638574,417.56107097638574,417.56107097638574,417.56107097638574,0.0017865221416095338,2.3273343487281449e-4,0.002030205929405909,0.002358585,3.710220592090376,5.56449302595156
8,36.3,27.9,0,0,8.025631974009432,1.0556509994614343e-5,401.38228014526936,401.38228014526936,401.38228014526936,401.38228014526936,401.38228014526936,401.38228014526936,0.0017282430736231564,2.2520806930635183e-4,0.0019640076529241226,0.002285129,3.59120356710882,5.388453185675998
8,36.4,28.1,0,0,8.041257237398186,1.0498216883416588e-5,401.2723958986887,401.2723958986887,401.2723958986887,401.2723958986887,401.2723958986887,401.2723958986887,0.0017901618874099133,2.441511385871571e-4,0.002044811242880487,0.002388952,3.8942148612576823,5.83851562890472
8,36.3,28,0,0,8.026016994881157,1.088495120189305e-5,414.8569613771401,414.8569613771401,414.8569613771401,414.8569613771401,414.8569613771401,414.8569613771401,0.0017870749901849482,2.339228126139216e-4,0.0020318827540007625,0.0023617399999999998,3.732059599106321,5.597959839503067
8,36.4,28.1,0,0,7.885131754673088,1.5985715504861712e-5,611.0205601604099,611.0205601604099,611.0205601604099,611.0205601604099,611.0205601604099,611.0205601604099,0.0019027571519643388,1.811441559639483e-4,0.002099887023433149,0.0023475740000000003,2.8892524043379297,4.331796246375969
8,36.4,28.1,0,0,7.925190078236221,1.4406354904583002e-5,550.6528025593136,550.6528025593136,550.6528025593136,550.6528025593136,550.6528025593136,550.6528025593136,0.0018804583402241893,1.963193034575067e-4,0.002091183998586279,0.0023621999999999996,3.1312962679593017,4.694687594435141
8,36.4,28.1,0,0,8.026041808526687,1.0729944988098847e-5,410.1297183178699,410.1297183178699,410.1297183178699,410.1297183178699,410.1297183178699,410.1297183178699,0.0017666838240045883,2.3265363957331614e-4,0.0020100674085660034,0.0023394740000000002,3.7108295541643397,5.563569838874486
8,36.4,28.1,0,0,8.011997058176139,1.1168860608322777e-5,426.90635043363704,426.90635043363704,426.90635043363704,426.90635043363704,426.90635043363704,426.90635043363704,0.0017804322720703038,2.270030673890489e-4,0.0020186042000676753,0.0023392020000000003,3.620702830603198,5.428444710230773
8,36.4,28.1,0,0,8.022910704031641,1.0858950115469114e-5,415.06066965160113,415.06066965160113,415.06066965160113,415.06066965160113,415.06066965160113,415.06066965160113,0.0017750805722000715,2.3208014364562202e-4,0.0020180196659611628,0.002346113,3.7016822842502166,5.549855526681098
8,36.4,28.1,0,0,8.026027760005318,1.0747362651441636e-5,410.79547209092806,410.79547209092806,410.79547209092806,410.79547209092806,410.79547209092806,410.79547209092806,0.001769494399265275,2.3301622500179772e-4,0.0020132579869185144,0.0023430070000000002,3.7166127979871586,5.57224053647292
8,36.9,28.9,0,0,8.025766602841026,1.0474187447991462e-5,408.99487869295206,408.99487869295206,408.99487869295206,408.99487869295206,408.99487869295206,408.99487869295206,0.0017579043783776422,2.4096868695647027e-4,0.002009347252782104,0.0023514670000000003,3.843969508178739,5.744381302276738
8,36.4,30.1,0,0,8.023901554491895,1.0233374032056655e-5,409.7912312472316,409.7912312472316,409.7912312472316,409.7912312472316,409.7912312472316,409.7912312472316,0.0017420999436568944,2.453057864713403e-4,0.001997639104160291,0.002345467,3.9542589429743242,5.888540291127887
8,36.4,29.9,0,0,7.967552303949935,1.204370127149307e-5,480.0840557329125,480.0840557329125,480.0840557329125,480.0840557329125,480.0840557329125,480.0840557329125,0.0017940124496187598,2.2029034281308363e-4,0.0020263464937033365,0.0023357680000000002,3.5471264160291556,5.28590624909353
8,36.4,29.2,0,0,8.006535320292587,1.0769439937096564e-5,422.41154683046346,422.41154683046346,422.41154683046346,422.41154683046346,422.41154683046346,422.41154683046346,0.0017316570552642783,2.2682904485201366e-4,0.0019692555400533883,0.0022920410000000003,3.6386676167345713,5.435320288329901
8,36.4,29.3,0,0,8.019407347679293,1.051795058245172e-5,413.5059769093082,413.5059769093082,413.5059769093082,413.5059769093082,413.5059769093082,413.5059769093082,0.0017454264881782188,2.363583691635136e-4,0.0019923028079241838,0.002327685,3.7935506251286326,5.664754755326608
8,36.4,29.6,0,0,8.027898386609813,9.991356124660265e-6,395.5371481929593,395.5371481929593,395.5371481929593,395.5371481929593,395.5371481929593,395.5371481929593,0.0017004618619033292,2.3735965442720964e-4,0.0019478128724551994,0.002287289,3.815758057914891,5.692085261348054
8,36.4,29.1,0,0,7.995749343363135,1.1362190359247434e-5,444.62588800115213,444.62588800115213,444.62588800115213,444.62588800115213,444.62588800115213,444.62588800115213,0.0017787457907516755,2.264663513440745e-4,0.0020165743324549973,0.002336044,3.6309238671377684,5.4255913151406965
8,36.4,29,0,0,7.996799160782626,1.1489574310774531e-5,448.5642587691,448.5642587691,448.5642587691,448.5642587691,448.5642587691,448.5642587691,0.0017995888159779115,2.2885031401444173e-4,0.002039928704303128,0.002361584,3.667208696233318,5.481663745459188
8,36.4,29.2,0,0,8.008417789664293,1.090824198525883e-5,427.85580281869704,427.85580281869704,427.85580281869704,427.85580281869704,427.85580281869704,427.85580281869704,0.0017615947251894385,2.3175293768263943e-4,0.0020042559048573366,0.002332194,3.7176540155123754,5.55330753558619
8,36.4,29.2,0,0,8.010198067710943,1.0869386929257383e-5,426.3317844478605,426.3317844478605,426.3317844478605,426.3317844478605,426.3317844478605,426.3317844478605,0.0017625301901074402,2.3282847279199373e-4,0.002006228049828691,0.002335629,3.734907162152488,5.579079710417233
8,36.4,29.3,0,0,7.989985221743411,1.1547430561657797e-5,453.9792726500602,453.9792726500602,453.9792726500602,453.9792726500602,453.9792726500602,453.9792726500602,0.001790744681079883,2.266109890386773e-4,0.0020289031006802184,0.002347773,3.637105223610575,5.431141204388864
8,36.4,29.6,0,0,8.016558422402973,1.0491299412032817e-5,415.32887012522866,415.32887012522866,415.32887012522866,415.32887012522866,415.32887012522866,415.32887012522866,0.0017395294048654906,2.3655482744388033e-4,0.001986575531721404,0.002322468,3.802819780538826,5.672784829601138
8,36.4,29,0,0,8.02591947320032,1.0489010100238236e-5,409.5012498785776,409.5012498785776,409.5012498785776,409.5012498785776,409.5012498785776,409.5012498785776,0.0017568074446203407,2.389036047587116e-4,0.002006200059479291,0.0023446,3.82830751491714,5.72247075344934
8,36.4,29,0,0,8.003499290721184,1.1184831498258324e-5,436.6668002459105,436.6668002459105,436.6668002459105,436.6668002459105,436.6668002459105,436.6668002459105,0.001779094113765216,2.2976151167993376e-4,0.002020040456943408,0.002344201,3.6818101706392867,5.503489711612589
8,36.4,29.2,0,0,8.01092647992527,1.0815791790612287e-5,424.22961334612245,424.22961334612245,424.22961334612245,424.22961334612245,424.22961334612245,424.22961334612245,0.0017567835092883312,2.3245890253099e-4,0.0020000582036099335,0.002329286,3.728978717928338,5.57022399822699
8,36.4,29.2,0,0,8.007488807324682,1.3356663139110675e-5,523.8906359141882,523.8906359141882,523.8906359141882,523.8906359141882,523.8906359141882,523.8906359141882,0.002152386345368648,2.8255987686001845e-4,0.0024483028853677768,0.002824418,4.532671177052439,6.770752979924752
8,36.4,29.1,0,0,7.9956616373543,1.1339914985009225e-5,443.75420677261496,443.75420677261496,443.75420677261496,443.75420677261496,443.75420677261496,443.75420677261496,0.0017749001126851987,2.2593109579912006e-4,0.002012171123469328,0.002331111,3.6223421413243817,5.412767874400603
8,36.4,29.1,0,0,7.999947225554922,1.1051840907236059e-5,432.48127535796385,432.48127535796385,432.48127535796385,432.48127535796385,432.48127535796385,432.48127535796385,0.0017469655107571324,2.245804827298667e-4,0.001982597834394235,0.002301299,3.6006878284460435,5.380410420433752
8,36.4,28.5,0,0,8.080321709840577,9.027564758389651e-6,348.3387670487859,348.3387670487859,348.3387670487859,348.3387670487859,348.3387670487859,348.3387670487859,0.0016973877564694108,2.5696212596606387e-4,0.0019633774471938645,0.002331006,4.106957628097254,6.149303310383931
8,36.4,28.8,0,0,8.015577469033195,1.0818535930224294e-5,420.3967635211437,420.3967635211437,420.3967635211437,420.3967635211437,420.3967635211437,420.3967635211437,0.0017625748485582563,2.3237006080588618e-4,0.0020057634452943667,0.0023346950000000003,3.719703620221559,5.563879568366463
8,36.4,28.7,0,0,8.08549451403567,8.845193005715928e-6,342.91010408915514,342.91010408915514,342.91010408915514,342.91010408915514,342.91010408915514,342.91010408915514,0.0016895348271772975,2.607079362549399e-4,0.0019590879564379536,0.002332358,4.171150080057358,6.241241470903865
8,36.4,28.6,0,0,8.076887796814992,8.9969103086754e-6,347.97373806760777,347.97373806760777,347.97373806760777,347.97373806760777,347.97373806760777,347.97373806760777,0.0016815465229529953,2.5346987034070346e-4,0.001944013303602374,0.0023077579999999996,4.0532390717768925,6.066843977328276
8,36.4,28.8,0,0,8.039949342768812,1.0101567046369699e-5,392.5361176572455,392.5361176572455,392.5361176572455,392.5361176572455,392.5361176572455,392.5361176572455,0.0017407632166525258,2.4274158200556368e-4,0.001993606365704459,0.002338475,3.8857275254520722,5.812215755462317
8,36.4,28.7,0,0,8.048503834321343,9.905921629145946e-6,384.0323907860855,384.0323907860855,384.0323907860855,384.0323907860855,384.0323907860855,384.0323907860855,0.0017376569539578734,2.462410567481233e-4,0.001993803932335143,0.002343815,3.9396898242635734,5.894910286554267
8,36.4,28.6,0,0,8.06315284168477,9.426773087694697e-6,364.5995521459408,364.5995521459408,364.5995521459408,364.5995521459408,364.5995521459408,364.5995521459408,0.0017070395941441454,2.4930219065633774e-4,0.001965768557888178,0.00232204,3.9865936668906405,5.967089863127085
8,36.4,28.6,0,0,8.074900965645272,9.066801925848278e-6,350.67693799434096,350.67693799434096,350.67693799434096,350.67693799434096,350.67693799434096,350.67693799434096,0.0016868745785807257,2.531123975294528e-4,0.0019490537780360272,0.0023119520000000004,4.0475227207024576,6.058287805468168
8,36.4,28.6,0,0,8.060322809002153,9.648954993090985e-6,373.19288757990404,373.19288757990404,373.19288757990404,373.19288757990404,373.19288757990404,373.19288757990404,0.0017359243265634796,2.5187395216285145e-4,0.001997447233719422,0.002355482,4.027718729240188,6.028645407326264
8,36.4,28.6,0,0,8.053684485187626,9.735082011973856e-6,376.5240245681647,376.5240245681647,376.5240245681647,376.5240245681647,376.5240245681647,376.5240245681647,0.0017248518517630732,2.4647106574479026e-4,0.001981057999519837,0.002332237,3.9413211219008133,5.899326412206474
8,36.4,28.6,0,0,8.072400591380516,9.221865843632056e-6,356.67434924546785,356.67434924546785,356.67434924546785,356.67434924546785,356.67434924546785,356.67434924546785,0.0017058745536067269,2.54493878715527e-4,0.001969590298165886,0.002333189,4.069613999294244,6.091353790006135
8,36.4,28.5,0,0,8.016335161699324,1.0781353256354533e-5,416.01067407971414,416.01067407971414,416.01067407971414,416.01067407971414,416.01067407971414,416.01067407971414,0.001749432461289851,2.285591878161709e-4,0.0019887730023623765,0.002313247,3.653000987380158,5.469598933977761
8,36.4,29.3,0,0,8.057758252005804,9.471112802124986e-6,372.35027118258705,372.35027118258705,372.35027118258705,372.35027118258705,372.35027118258705,372.35027118258705,0.0017168104570554705,2.539467601973793e-4,0.0019802283300549748,0.002342071,4.075844211929315,6.08629227946948
8,36.4,28.5,0,0,8.070131161608343,9.333362804913728e-6,360.1383295380087,360.1383295380087,360.1383295380087,360.1383295380087,360.1383295380087,360.1383295380087,0.0017141864288302538,2.5348692072458656e-4,0.001977006712359754,0.002338711,4.05141434279001,6.0661389490394795
8,36.4,28.9,0,0,8.073743865147419,9.126221634896742e-6,355.46578371753213,355.46578371753213,355.46578371753213,355.46578371753213,355.46578371753213,355.46578371753213,0.001703222710276187,2.576514538553619e-4,0.0019700003857664452,0.002338045,4.126561094737622,6.1703745675721136
8,36.4,29,0,0,8.04861151532052,9.773903671896654e-6,381.5827929981298,381.5827929981298,381.5827929981298,381.5827929981298,381.5827929981298,381.5827929981298,0.0017248437370812849,2.471384609892064e-4,0.001981756101742388,0.002333698,3.9602668548496864,5.919720702797993
8,36.4,28.6,0,0,8.009516045314887,1.0777565226089415e-5,416.84417542470175,416.84417542470175,416.84417542470175,416.84417542470175,416.84417542470175,416.84417542470175,0.0017249019166878838,2.2264354512815945e-4,0.0019583230270421325,0.002275838,3.5602950164426757,5.329010698731876
8,36.4,28.6,0,0,8.081450291612063,9.068547992243578e-6,350.74447065051305,350.74447065051305,350.74447065051305,350.74447065051305,350.74447065051305,350.74447065051305,0.0017128358603326376,2.609129871581902e-4,0.0019828173954830716,0.0023549,4.172262022551615,6.244996230201656
8,36.4,27.7,0,0,8.106554592071523,8.694354829306611e-6,329.17106304485924,329.17106304485924,329.17106304485924,329.17106304485924,329.17106304485924,329.17106304485924,0.0017097033805243385,2.6712912959104195e-4,0.001985526864944687,0.0023668020000000003,4.252135228388849,6.383528890635935
8,36.4,27.5,0,0,8.104167896520892,8.682591500763582e-6,327.1537374616827,327.1537374616827,327.1537374616827,327.1537374616827,327.1537374616827,327.1537374616827,0.0016913856225504436,2.609290487242617e-4,0.001960997262775469,0.0023349580000000003,4.149311656143719,6.233232310721843
8,36.2,27.6,0,0,8.003525482581606,1.1734896695334836e-5,442.7739696326813,442.7739696326813,442.7739696326813,442.7739696326813,442.7739696326813,442.7739696326813,0.0018135695984948742,2.216552384039352e-4,0.0020469597335941443,0.0023579720000000003,3.5319143018228423,5.305387971557617
8,36.4,27.5,0,0,8.074097170688642,9.582163970510634e-6,361.04897433531687,361.04897433531687,361.04897433531687,361.04897433531687,361.04897433531687,361.04897433531687,0.001741751279479219,2.5072359642128465e-4,0.0020020570398710143,0.00235861,3.9870238526047945,5.989438239684278
8,36.4,50,0,0,7.780460428775325,1.250567182521349e-5,725.8033329373393,725.8033329373393,725.8033329373393,725.8033329373393,725.8033329373393,725.8033329373393,0.0016730657399314762,2.6992212865888543e-4,0.001955493540415575,0.002339986,5.0644490692804025,6.936365855790522
8,36.5,28.6,0,0,8.221314996877728,5.7845647622565234e-6,223.8424912925595,223.8424912925595,223.8424912925595,223.8424912925595,223.8424912925595,223.8424912925595,0.0015089973414150728,3.1795520165888e-4,0.001832737107836209,0.0022979740000000004,5.0804340445892855,7.603383589908782
8,36.5,27.7,0,0,8.112421793505089,8.28297102771437e-6,313.7552703742883,313.7552703742883,313.7552703742883,313.7552703742883,313.7552703742883,313.7552703742883,0.0016523805049214635,2.6230749166307314e-4,0.0019229709676122511,0.002301539,4.172161961256535,6.262695582102812
8,36.4,27.8,0,0,8.016341876667317,1.1227957693702004e-5,426.1111796998081,426.1111796998081,426.1111796998081,426.1111796998081,426.1111796998081,426.1111796998081,0.0017973024269944378,2.2896828742519846e-4,0.0020374986721133385,0.002360023,3.6465201663510793,5.472554592455559
8,36.4,27.8,0,0,8.129641644909837,7.795504726844808e-6,295.8464759245139,295.8464759245139,295.8464759245139,295.8464759245139,295.8464759245139,295.8464759245139,0.0016198112116762838,2.678664635027021e-4,0.0018954731799058306,0.00228374,4.2660076294227105,6.402257105082469
8,36.4,28.6,0,0,8.1197938807746,7.946150989043618e-6,307.33349205903335,307.33349205903335,307.33349205903335,307.33349205903335,307.33349205903335,307.33349205903335,0.001639375322591195,2.727733470289775e-4,0.0019200948206092162,0.002313502,4.36192114838378,6.52887593848538
8,36.5,27.8,0,0,8.047556548867234,1.0264869079353713e-5,389.7588378628275,389.7588378628275,389.7588378628275,389.7588378628275,389.7588378628275,389.7588378628275,0.001767103470143998,2.4247320336984616e-4,0.0020198415425931983,0.002363339,3.8586115093491498,5.7901367680698
8,36.5,28.2,0,0,8.154050177431316,7.252593214127571e-6,278.01389709755375,278.01389709755375,278.01389709755375,278.01389709755375,278.01389709755375,278.01389709755375,0.0016079836235314952,2.860478648159861e-4,0.0019012840815616089,0.002315566,4.5612355540559735,6.835452006839682
8,36.4,27.6,0,0,8.078154809643447,9.448067722924008e-6,356.8514014360166,356.8514014360166,356.8514014360166,356.8514014360166,356.8514014360166,356.8514014360166,0.0017369030453692176,2.5328500148101953e-4,0.0019996361145731617,0.002360016,4.029755894260834,6.051658669266025
8,36.7,27.7,0,0,8.062119181889239,9.80498104693267e-6,371.7858370594027,371.7858370594027,371.7858370594027,371.7858370594027,371.7858370594027,371.7858370594027,0.0017450692261956123,2.4790304632696814e-4,0.0020027772535695133,0.0023556289999999997,3.9369057825255225,5.9081592994211265
8,36.4,27.5,0,0,8.034043875641386,1.0759380611760108e-5,405.4056418064267,405.4056418064267,405.4056418064267,405.4056418064267,405.4056418064267,405.4056418064267,0.0017834318395997869,2.341058634898322e-4,0.0020282970837013792,0.002359031,3.7227675220494927,5.592463696812522
8,36.4,27.5,0,0,8.036951555764219,1.056468523941905e-5,398.06966167626973,398.06966167626973,398.06966167626973,398.06966167626973,398.06966167626973,398.06966167626973,0.0017629235828465312,2.3296836030992343e-4,0.0020064566283958737,0.002336816,3.7046788683469924,5.565290326851522
8,36.4,28,0,0,8.004939978475688,1.156329039973656e-5,440.9337267053876,440.9337267053876,440.9337267053876,440.9337267053876,440.9337267053876,440.9337267053876,0.0018100696288497152,2.262451196244695e-4,0.0020478780388739214,0.0023657089999999997,3.6067843116283993,5.40936196380176
8,36.4,28,0,0,8.010184285239403,1.1365954098103564e-5,433.40885896572786,433.40885896572786,433.40885896572786,433.40885896572786,433.40885896572786,433.40885896572786,0.0018007940761412518,2.278202365344794e-4,0.0020399802667738346,0.002360581,3.631894718294559,5.447021903232458
8,36,28.1,0,0,8.06261250300388,9.795847086233674e-6,373.6685883709879,373.6685883709879,373.6685883709879,373.6685883709879,373.6685883709879,373.6685883709879,0.0017485205291516636,2.481292503108459e-4,0.0020064456265487434,0.0023579630000000002,3.969801004294884,5.954997110763869
8,36.2,30.2,0,0,8.210907634020518,5.66889218116271e-6,227.30106706589208,227.30106706589208,227.30106706589208,227.30106706589208,227.30106706589208,227.30106706589208,0.0014846254910789707,3.211837071810198e-4,0.0018114780904411533,0.0022818879999999997,5.188549973306625,7.725999308827405
8,36.3,29.3,0,0,8.067375129474572,9.294127205609691e-6,365.2094108770429,365.2094108770429,365.2094108770429,365.2094108770429,365.2094108770429,365.2094108770429,0.001720955155391017,2.59642377761643e-4,0.0019898916603582695,0.00235921,4.170553641922367,6.228530861297232
8,36.2,29.2,0,0,8.117394377203256,8.003519499401973e-6,313.60907329821305,313.60907329821305,313.60907329821305,313.60907329821305,313.60907329821305,313.60907329821305,0.0016582652755523948,2.790545986209858e-4,0.0019453233936727824,0.00234546,4.48348722433855,6.699050686076265
8,36.2,30,0,0,8.131514154372335,7.057778064811335e-6,281.70064317492864,281.70064317492864,281.70064317492864,281.70064317492864,281.70064317492864,281.70064317492864,0.0015337596323096781,2.7440113706735195e-4,0.0018152185474418416,0.002217519,4.427901087177431,6.59792022234791
8,36.2,28.3,0,0,8.066633471443149,9.515094400061662e-6,365.05290083938337,365.05290083938337,365.05290083938337,365.05290083938337,365.05290083938337,365.05290083938337,0.0017238614065502502,2.498698334597746e-4,0.0019832463344100866,0.002339006,3.995671719845295,5.988214055775532
8,36.2,29,0,0,8.195897085316705,6.217063977201723e-6,242.47679532775507,242.47679532775507,242.47679532775507,242.47679532775507,242.47679532775507,242.47679532775507,0.0015374416688173726,3.077614442868804e-4,0.0018514201770814549,0.0022996799999999997,4.939452613463942,7.385327140713635
8,36.2,28.2,0,0,8.072860582276512,9.436074285262782e-6,361.1651071428647,361.1651071428647,361.1651071428647,361.1651071428647,361.1651071428647,361.1651071428647,0.0017308727377725141,2.53594152237249e-4,0.0019939029642950263,0.002354456,4.053142936537081,6.0763568307109175
8,36.2,29.4,0,0,8.183920875241206,6.178702584912108e-6,243.23147130517583,243.23147130517583,243.23147130517583,243.23147130517583,243.23147130517583,243.23147130517583,0.0014978001377546634,2.958940946173786e-4,0.001799872934956954,0.00223484,4.759144139554713,7.106098331907525
8,36.1,28.1,0,0,8.028517088079424,1.0730862824305112e-5,409.54254517452904,409.54254517452904,409.54254517452904,409.54254517452904,409.54254517452904,409.54254517452904,0.0017723310604160162,2.3306807539573684e-4,0.0020161299986360577,0.002345282,3.726013432328212,5.588529285551116
8,36.1,28.1,0,0,8.055823864326824,9.970385244222983e-6,380.5189774713262,380.5189774713262,380.5189774713262,380.5189774713262,380.5189774713262,380.5189774713262,0.0017535934755568906,2.4556905472394245e-4,0.0020091329155250562,0.0023569479999999998,3.925864127517002,5.888279000114658
8,36.2,29.4,0,0,8.222522124342374,5.587990814035764e-6,219.97744812264017,219.97744812264017,219.97744812264017,219.97744812264017,219.97744812264017,219.97744812264017,0.001480517373478025,3.1966654613377863e-4,0.0018057719104258394,0.002274635,5.141498925862365,7.6770099558265015
8,36.2,28.4,0,0,8.114736113105979,8.274653135980706e-6,318.2136268483624,318.2136268483624,318.2136268483624,318.2136268483624,318.2136268483624,318.2136268483624,0.001677965051232977,2.7268492833064606e-4,0.001958924632699604,0.002349263,4.362759866719333,6.536189618150816
8,36.1,29,0,0,8.221192752768909,5.779515116448395e-6,225.29850532213197,225.29850532213197,225.29850532213197,225.29850532213197,225.29850532213197,225.29850532213197,0.0015136390901913722,3.204097701028058e-4,0.0018398283754106261,0.002306878,5.146445283154594,7.695865752164952
8,36.1,28.6,0,0,8.071185005066491,9.402994351181942e-6,363.1306912045991,363.1306912045991,363.1306912045991,363.1306912045991,363.1306912045991,363.1306912045991,0.0017300131793149664,2.555499412495325e-4,0.0019949661149156806,0.0023579340000000003,4.096015358721652,6.133301128747702
8,36.2,28.2,0,0,8.063486644660319,9.606382212283883e-6,367.6836315684217,367.6836315684217,367.6836315684217,367.6836315684217,367.6836315684217,367.6836315684217,0.0017244861504327647,2.4726341913303785e-4,0.0019813559517780866,0.002333479,3.951960137414688,5.9246664506220545
8,36.4,29,0,0,8.033973030042896,1.0324063816615927e-5,403.0615850617206,403.0615850617206,403.0615850617206,403.0615850617206,403.0615850617206,403.0615850617206,0.0017615456276079946,2.440315583361515e-4,0.002015901249760762,0.002361208,3.9104803361957763,5.845300898275256
8,36.4,29,0,0,8.045596537518659,9.973240912627542e-6,389.36511453720345,389.36511453720345,389.36511453720345,389.36511453720345,389.36511453720345,389.36511453720345,0.0017478454720322183,2.4870163347665263e-4,0.002006520346421498,0.0023592080000000002,3.985315890785524,5.957163456543975
8,36.1,27.7,0,0,8.009866866463817,1.1516218843069625e-5,435.34384165342544,435.34384165342544,435.34384165342544,435.34384165342544,435.34384165342544,435.34384165342544,0.0018079296732723428,2.2449450093260716e-4,0.0020439403930480196,0.002359093,3.5816609423553243,5.379075206214952
8,36.3,28.2,0,0,8.011235330736659,1.1123644774083446e-5,425.97207544362783,425.97207544362783,425.97207544362783,425.97207544362783,425.97207544362783,425.97207544362783,0.0017720309980158956,2.2581333969056184e-4,0.0020089679824805405,0.002328172,3.6063524027760483,5.405832094830128
8,36.2,28.1,0,0,8.045530533069888,1.02672725496516e-5,392.0480156644368,392.0480156644368,392.0480156644368,392.0480156644368,392.0480156644368,392.0480156644368,0.0017650414650965947,2.4195470579204022e-4,0.0020172634434382866,0.002359503,3.8651324881745457,5.796411624592162
8,36.2,28.1,0,0,7.874215114273925,1.6735211242275206e-5,639.0213493925223,639.0213493925223,639.0213493925223,639.0213493925223,639.0213493925223,639.0213493925223,0.0019391687401337677,1.791757963972421e-4,0.002135079747773285,0.0023777390000000002,2.862263783969401,4.292442528376315
8,36.2,28,0,0,7.9504759835204135,1.3303321777645363e-5,506.77128744117385,506.77128744117385,506.77128744117385,506.77128744117385,506.77128744117385,506.77128744117385,0.0018338343591827566,2.012423759883348e-4,0.0020483800569487368,0.002328865,3.2131299452822013,4.82021329881318
8,36.2,27.8,0,0,8.052234166444626,1.0126455370575412e-5,383.91830761597055,383.91830761597055,383.91830761597055,383.91830761597055,383.91830761597055,383.91830761597055,0.0017576041651052793,2.420509801365674e-4,0.0020097816006124218,0.002352745,3.8607841700020757,5.795604026377635
8,36.2,27.9,0,0,7.950250259075065,1.3559243078520213e-5,515.2916268186967,515.2916268186967,515.2916268186967,515.2916268186967,515.2916268186967,515.2916268186967,0.0018645031463413709,2.0376568698130443e-4,0.0020818280764011957,0.002364298,3.2517665698940883,4.879778527776038
8,36.1,27.8,0,0,8.073817016681822,9.53646294983163e-6,361.366841175003,361.366841175003,361.366841175003,361.366841175003,361.366841175003,361.366841175003,0.0017380338021746303,2.509568327764391e-4,0.001998527097900901,0.0023549499999999998,4.005872593863929,6.014205950022434
8,36.2,28,0,0,7.955634878133813,1.3149225799800734e-5,500.90121841728154,500.90121841728154,500.90121841728154,500.90121841728154,500.90121841728154,500.90121841728154,0.0018342523641149862,2.0369356670894544e-4,0.0020510951566237324,0.002335087,3.2522668033485584,4.878924899942853
8,36.2,27.6,0,0,8.053560831067582,1.0141330194522324e-5,382.6464897104318,382.6464897104318,382.6464897104318,382.6464897104318,382.6464897104318,382.6464897104318,0.0017586735336944264,2.4119280538568617e-4,0.0020100076692746347,0.0023517959999999997,3.8432311592206183,5.773025793270575
8,36.2,27.7,0,0,8.078104219253952,9.442272570557005e-6,357.1244849447743,357.1244849447743,357.1244849447743,357.1244849447743,357.1244849447743,357.1244849447743,0.0017360446576296464,2.5284260542747663e-4,0.0019983295356276803,0.002357732,4.030883238508419,6.0529276156379055
8,36.2,27.7,0,0,7.974587769692619,1.2667304541336999e-5,479.10125196658186,479.10125196658186,479.10125196658186,479.10125196658186,479.10125196658186,479.10125196658186,0.0018350678300616961,2.1058383790142094e-4,0.002058318972504454,0.0023522979999999996,3.357182865057471,5.041273505647913
8,36.2,27.8,0,0,8.012439956546752,1.1412068385071013e-5,432.6589927532784,432.6589927532784,432.6589927532784,432.6589927532784,432.6589927532784,432.6589927532784,0.0018073146775866653,2.2710429003516453e-4,0.0020458310360069007,0.00236481837,3.62238007634848,5.437724470245144
8,36.1,27.8,0,0,7.959623776515597,1.3283432986433018e-5,503.35142531559717,503.35142531559717,503.35142531559717,503.35142531559717,503.35142531559717,503.35142531559717,0.0018611783058858973,2.0660248821240614e-4,0.0020810642270847365,0.00236770058,3.2978709373952295,4.951249584040608
8,36.2,27.8,0,0,8.070395209166488,9.638857719303117e-6,365.43230652047123,365.43230652047123,365.43230652047123,365.43230652047123,365.43230652047123,365.43230652047123,0.0017444166868335787,2.504938383877051e-4,0.002004549382940587,0.0023601158900000002,3.9954502369073737,5.997757569597422
8,36.2,27.8,0,0,8.055900295352842,1.0001966412949208e-5,379.19863146279226,379.19863146279226,379.19863146279226,379.19863146279226,379.19863146279226,379.19863146279226,0.0017507137424558948,2.4314595119210948e-4,0.0020038616600609534,0.0023487788999999996,3.8782492796887307,5.821821720909119
8,36.4,28,0,0,8.068180630744246,9.592970873157555e-6,365.80110427512597,365.80110427512597,365.80110427512597,365.80110427512597,365.80110427512597,365.80110427512597,0.001737031230870723,2.5114944193859275e-4,0.0019977736436824728,0.002354991,4.003807324382933,6.004806825038481
8,36.4,28,0,0,8.073453771153769,9.443534370738923e-6,360.10276136065875,360.10276136065875,360.10276136065875,360.10276136065875,360.10276136065875,360.10276136065875,0.0017308610571230237,2.533144345488302e-4,0.001993619026042593,0.0023542420000000003,4.0383214893486,6.05657027831062
8,36.2,28.2,0,0,8.164030371720484,7.144182234031542e-6,273.4430933880992,273.4430933880992,273.4430933880992,273.4430933880992,273.4430933880992,273.4430933880992,0.0016165758993807028,2.9217293712522756e-4,0.0019158930187399617,0.00233728948,4.66973968409381,7.000741170832792
8,36.3,28.3,0,0,8.100535966146726,8.76860276205107e-6,336.5832336140494,336.5832336140494,336.5832336140494,336.5832336140494,336.5832336140494,336.5832336140494,0.0017190875956439628,2.7004827520500034e-4,0.001997904473611014,0.0023821528600000003,4.3150182315054835,6.465961137669677
8,36.2,28,0,0,8.14479960493453,7.433796092485936e-6,283.1799816114086,283.1799816114086,283.1799816114086,283.1799816114086,283.1799816114086,283.1799816114086,0.0016030027796239456,2.751802288829231e-4,0.001885616804599355,0.002284680617,4.393656303404922,6.591193292752657
8,36.3,28.6,0,0,8.21328929444498,5.633367464003077e-6,217.77217729026918,217.77217729026918,217.77217729026918,217.77217729026918,217.77217729026918,217.77217729026918,0.001440155177187488,2.964811876309247e-4,0.0017422697322824158,0.002183149331,4.744733574026074,7.102780314841747
8,36.2,28.1,0,0,8.096663844535314,8.898096330282422e-6,339.76706010366945,339.76706010366945,339.76706010366945,339.76706010366945,339.76706010366945,339.76706010366945,0.001720799361729475,2.653644298405013e-4,0.0019950618879002588,0.002372619694,4.239093741222778,6.357228973272381
8,36.3,28.2,0,0,8.261349284540653,5.160142273242699e-6,197.60398307925175,197.60398307925175,197.60398307925175,197.60398307925175,197.60398307925175,197.60398307925175,0.0014621766120697954,3.31430190082916e-4,0.001798766944425954,0.002285651753,5.293106527700869,7.934234360118106
8,36.2,27.9,0,0,8.121260270588062,8.29305826638743e-6,315.16091721658194,315.16091721658194,315.16091721658194,315.16091721658194,315.16091721658194,315.16091721658194,0.0016906449139458054,2.739241648972784e-4,0.001972862137109471,0.002364268818,4.37138094884862,6.5599330186900575
8,36.2,27.8,0,0,8.158184529548311,7.421602659368549e-6,281.3708280453376,281.3708280453376,281.3708280453376,281.3708280453376,281.3708280453376,281.3708280453376,0.0016440373596969295,2.889667130641854e-4,0.0019404256754204834,0.002355660884,4.609103878969156,6.918941806304613
8,36.2,27.9,0,0,8.072760138404712,9.585084498897907e-6,364.26176269795184,364.26176269795184,364.26176269795184,364.26176269795184,364.26176269795184,364.26176269795184,0.001747565648364896,2.532277586728326e-4,0.0020103784915366262,0.002369510558,4.041100208874105,6.064295700197631
8,36.2,28.2,0,0,8.205620974033588,5.981400250496147e-6,228.93769135632004,228.93769135632004,228.93769135632004,228.93769135632004,228.93769135632004,228.93769135632004,0.0014894881167234768,2.9625898567967545e-4,0.0017917285026536481,0.0022282070090000002,4.735046153863326,7.098646776405304
8,36.4,28,0,0,8.100975378828668,8.705019311593647e-6,331.9415558560045,331.9415558560045,331.9415558560045,331.9415558560045,331.9415558560045,331.9415558560045,0.0016998828331931312,2.6505641931461374e-4,0.001973644271819339,0.0023525628,4.225511411990482,6.33731289002749
8,36.4,28,0,0,8.08306538736559,9.161652414903898e-6,349.35398164652366,349.35398164652366,349.35398164652366,349.35398164652366,349.35398164652366,349.35398164652366,0.0017167737677950506,2.568753410847447e-4,0.001982810761294699,0.0023492845000000003,4.095089219190593,6.14170905347625
8,36.4,26.9,0,0,7.941711837405389,1.4321953444616602e-5,531.8768210061494,531.8768210061494,531.8768210061494,531.8768210061494,531.8768210061494,531.8768210061494,0.0018966910324880303,1.9697406658644303e-4,0.0021079870525190897,0.002379713425,3.123114979491184,4.700750776513496
8,36.3,27.2,0,0,8.034162389329655,1.0896550193755893e-5,407.4104598614011,407.4104598614011,407.4104598614011,407.4104598614011,407.4104598614011,407.4104598614011,0.0017944790708699664,2.3252914547708734e-4,0.0020379047665408097,0.002365744469,3.6950439900783314,5.5569183992798665
8,36.3,26.8,0,0,8.04814218245379,1.0688812110434544e-5,395.7854458224725,395.7854458224725,395.7854458224725,395.7854458224725,395.7854458224725,395.7854458224725,0.0018035154666738503,2.3788177497350505e-4,0.00205208605375779,0.002387105854,3.7727531348836396,5.681080074358301
8,36.1,27.1,0,0,8.138447164142883,7.986350541327083e-6,297.57590247964526,297.57590247964526,297.57590247964526,297.57590247964526,297.57590247964526,297.57590247964526,0.0016660079126025369,2.7219133702701445e-4,0.0019461856001708783,0.002336958861,4.329683824654074,6.5151412293304345
8,36.2,27.1,0,0,8.038153486573892,1.0803729621238455e-5,402.75867053140337,402.75867053140337,402.75867053140337,402.75867053140337,402.75867053140337,402.75867053140337,0.0017905356590166334,2.3276332972844415e-4,0.002034102718366316,0.002362387508,3.6997416170703836,5.566493979114516
8,36.4,26.9,0,0,7.981901833451947,1.2546409751427316e-5,465.938152880817,465.938152880817,465.938152880817,465.938152880817,465.938152880817,465.938152880817,0.0018226521669380158,2.0763772056063342e-4,0.0020428362972500767,0.002333989513,3.2921921480751464,4.95523696633711
8,36.2,27,0,0,7.955062707331345,1.3754915280566459e-5,511.5366231340007,511.5366231340007,511.5366231340007,511.5366231340007,511.5366231340007,511.5366231340007,0.0018789602247708062,2.0099681332474278e-4,0.0020937119533761153,0.002371882728,3.1932555654117323,4.805998581799404
8,36.2,27.2,0,0,8.06092128169775,1.0140167220604477e-5,378.9366982002104,378.9366982002104,378.9366982002104,378.9366982002104,378.9366982002104,378.9366982002104,0.0017745148504238523,2.439764159841009e-4,0.0020286314336285575,0.002373541366,3.879876668364904,5.835637468133134
8,36.3,26.9,0,0,7.988627077802374,1.2358425787825627e-5,458.7222036260124,458.7222036260124,458.7222036260124,458.7222036260124,458.7222036260124,458.7222036260124,0.0018217979434175097,2.1027922277983775e-4,0.0020444355919851734,0.002339278659,3.336594768126419,5.022697116816235
8,36.1,26.8,0,0,7.976450066899521,1.2318626407962333e-5,455.6673038266743,455.6673038266743,455.6673038266743,455.6673038266743,455.6673038266743,455.6673038266743,0.0017591944977042124,1.9579653910930812e-4,0.001967309663221483,0.002244607061,3.1099311778102448,4.68420527824662
8,36.2,27.1,0,0,8.061745480661365,1.0111271804885154e-5,376.944123213848,376.944123213848,376.944123213848,376.944123213848,376.944123213848,376.944123213848,0.0017693226891638929,2.428458172213546e-4,0.0020222797781901326,0.0023659699009999998,3.8600013909129043,5.807614889307979
8,36.3,27.7,0,0,7.987567909203528,1.2179814712763746e-5,460.8975222135242,460.8975222135242,460.8975222135242,460.8975222135242,460.8975222135242,460.8975222135242,0.0018195475760566806,2.156482747892811e-4,0.0020473756655587255,0.002349608612,3.435302378181946,5.157910125885789
8,36.2,27.3,0,0,8.0304030142508,1.1036368525859698e-5,413.42437851364457,413.42437851364457,413.42437851364457,413.42437851364457,413.42437851364457,413.42437851364457,0.0018038422073190547,2.3201545688149652e-4,0.0020468940327264106,0.002373248755,3.6914853067769506,5.5504885188157855
8,36.4,27.6,0,0,8.017715515182855,1.1297862100886838e-5,426.7177207197876,426.7177207197876,426.7177207197876,426.7177207197876,426.7177207197876,426.7177207197876,0.001807130659352059,2.2928949426060183e-4,0.0020477180157135477,0.002370216445,3.647988177689181,5.478341582013394
8,36.1,26.8,0,0,8.078065657285293,9.744118245459147e-6,360.43597248852046,360.43597248852046,360.43597248852046,360.43597248852046,360.43597248852046,360.43597248852046,0.0017583677487252552,2.4729563621207236e-4,0.0020154075031827865,0.0023659349120000004,3.9279162578200157,5.916261491145407
8,36.3,26.9,0,0,7.975634868710568,1.2778420713720413e-5,474.3116485299087,474.3116485299087,474.3116485299087,474.3116485299087,474.3116485299087,474.3116485299087,0.0018281929381343046,2.047981237769458e-4,0.002045769482624971,0.002332392688,3.2496237111914223,4.891776430526494
8,36.4,27,0,0,8.021834188233026,1.1359822458782402e-5,422.8967586497435,422.8967586497435,422.8967586497435,422.8967586497435,422.8967586497435,422.8967586497435,0.0018127953196193538,2.2722342405029602e-4,0.0020513785661284323,0.002370924852,3.604476472678979,5.423529445951199
8,36.4,27,0,0,8.030525102764019,1.1065547198894149e-5,411.94165314443336,411.94165314443336,411.94165314443336,411.94165314443336,411.94165314443336,411.94165314443336,0.0018015280844200002,2.3037549431878485e-4,0.002042969125937679,0.0023676209130000002,3.654478197503283,5.498765289211234
8,36.7,29.3,0,0,8.265621487457343,4.973331394170678e-6,195.81683050794052,195.81683050794052,195.81683050794052,195.81683050794052,195.81683050794052,195.81683050794052,0.0014586786208223002,3.5070900073360046e-4,0.0018143609529500716,0.002328405541,5.615378304953986,8.382098387011727
8,36.5,29.4,0,0,8.249472085042173,5.169425773704471e-6,203.80559709676493,203.80559709676493,203.80559709676493,203.80559709676493,203.80559709676493,203.80559709676493,0.0014611089022472617,3.3807251377964987e-4,0.0018043508418006157,0.002300584234,5.424638619659075,8.096602214151394
8,36.5,29.2,0,0,8.06588885382174,9.379573998696824e-6,368.08091721282455,368.08091721282455,368.08091721282455,368.08091721282455,368.08091721282455,368.08091721282455,0.001730540520341245,2.604983212992135e-4,0.0020004184156391554,0.002370729387,4.175455618661467,6.236364309408735
8,36.6,29.6,0,0,8.490127977886823,2.3872645800131432e-6,94.60122822830132,94.60122822830132,94.60122822830132,94.60122822830132,94.60122822830132,94.60122822830132,0.001179848854578396,4.7969317349946415e-4,0.0016619292926578733,0.002373847578,7.69911243140656,11.482104519935957
8,36.3,28.3,0,0,8.121935604397516,8.157842654178326e-6,313.13917785639205,313.13917785639205,313.13917785639205,313.13917785639205,313.13917785639205,313.13917785639205,0.0016801287885896267,2.772589746711569e-4,0.001965545605914962,0.0023622875949999996,4.430235777830313,6.638612129379179
8,36.3,28.6,0,0,8.209380314902116,6.141271540976787e-6,237.40650389934353,237.40650389934353,237.40650389934353,237.40650389934353,237.40650389934353,237.40650389934353,0.0015559317025577077,3.174456658137826e-4,0.0018795186399124674,0.002339893643,5.080238380556901,7.605024939999883
8,36.4,30.1,0,0,8.281357921806233,4.629095815978383e-6,185.37022765403088,185.37022765403088,185.37022765403088,185.37022765403088,185.37022765403088,185.37022765403088,0.0014256297716461921,3.6315986806658346e-4,0.0017934187355287542,0.00232605686,5.854032946750069,8.717615454540486
8,36.5,29,0,0,8.10301937519909,8.478343638941725e-6,331.1690053477215,331.1690053477215,331.1690053477215,331.1690053477215,331.1690053477215,331.1690053477215,0.0016973699315856066,2.763171020692372e-4,0.0019821653772937858,0.002376598356,4.424338669239787,6.6125686056456034
8,36.5,30.2,0,0,8.391187372366902,2.9048393169029354e-6,116.64648878043269,116.64648878043269,116.64648878043269,116.64648878043269,116.64648878043269,116.64648878043269,0.0011552035977455777,3.8121448591069655e-4,0.0015393229229731774,0.002124172762,6.143487919484453,9.144304438237587
8,36.5,30.8,0,0,8.317070064766792,3.6951733464535233e-6,150.41253511096355,150.41253511096355,150.41253511096355,150.41253511096355,150.41253511096355,150.41253511096355,0.0012529523402859183,3.561749315282036e-4,0.0016128224451605756,0.002153005114,5.759184376996437,8.554308801759246
8,36.4,28.6,0,0,8.105811728043252,8.486584859350254e-6,328.2358671608067,328.2358671608067,328.2358671608067,328.2358671608067,328.2358671608067,328.2358671608067,0.0016954008079857917,2.7315790446134854e-4,0.0019770452973064904,0.002367209249,4.368070609888349,6.538080385307327
8,36.3,29.6,0,0,8.23022802613535,5.532958923571385e-6,218.9291517308253,218.9291517308253,218.9291517308253,218.9291517308253,218.9291517308253,218.9291517308253,0.001499172477215822,3.3265188221916534e-4,0.0018373573183585584,0.002322518898,5.351913086887188,7.98466357743221
8,36.4,28.3,0,0,8.120906529884506,8.142263761776352e-6,312.69909857402985,312.69909857402985,312.69909857402985,312.69909857402985,312.69909857402985,312.69909857402985,0.0016743972931592419,2.763144467874364e-4,0.0019588540037084544,0.002354887836,4.411719534627224,6.610019056754693
8,36.3,29.5,0,0,8.306165883046305,4.349402646346611e-6,171.7012534339821,171.7012534339821,171.7012534339821,171.7012534339821,171.7012534339821,171.7012534339821,0.0014009936836740686,3.689376568488556e-4,0.0017742807431692707,0.0023166193669999996,5.9324965035082675,8.853877733003669
8,36.4,29.4,0,0,8.082017736491009,8.90835380349819e-6,351.03801585795236,351.03801585795236,351.03801585795236,351.03801585795236,351.03801585795236,351.03801585795236,0.0017108289818221227,2.6856328624273187e-4,0.0019883006218683525,0.002370790144,4.312743561543644,6.437852024862673
8,36.3,29.6,0,0,8.081363458828744,8.146683509231122e-6,322.3494941372597,322.3494941372597,322.3494941372597,322.3494941372597,322.3494941372597,322.3494941372597,0.0015667887045340485,2.4676539078716497e-4,0.0018217007788304447,0.00218320645,3.970117095187657,5.923124844040288
8,36.3,26.9,0,0,7.925920021214502,1.4907780666826618e-5,553.3496026165934,553.3496026165934,553.3496026165934,553.3496026165934,553.3496026165934,553.3496026165934,0.0019021422467566259,1.9003434157543542e-4,0.0021070843689988883,0.002368338591,3.0153601553341067,4.539131003572123
8,36.2,27,0,0,7.996971435801588,1.2255625717953539e-5,455.7789900032003,455.7789900032003,455.7789900032003,455.7789900032003,455.7789900032003,455.7789900032003,0.0018437578597680095,2.1721219206508887e-4,0.002073225677551052,0.002376517014,3.4508708357802753,5.193721580688611
8,36.3,27.3,0,0,8.043305155929096,1.0662652206433799e-5,399.62857411449323,399.62857411449323,399.62857411449323,399.62857411449323,399.62857411449323,399.62857411449323,0.001796857617951263,2.3865131042509106e-4,0.0020461715805827883,0.002382421234,3.794194318639136,5.7041844585486885
8,36.7,27.4,0,0,8.071238816146703,9.602625685453352e-6,361.5032583780971,361.5032583780971,361.5032583780971,361.5032583780971,361.5032583780971,361.5032583780971,0.0017350686282557282,2.4900282547050967e-4,0.001993674079411691,0.0023488270579999997,3.9485361143778053,5.9314227457919095
8,36.3,27.2,0,0,8.041720221659995,1.0698032100770662e-5,399.9880788219169,399.9880788219169,399.9880788219169,399.9880788219169,399.9880788219169,399.9880788219169,0.0017927143828365892,2.3637847870560926e-4,0.002039790893642969,0.0023731460520000002,3.7562124753564934,5.64890871988525
8,36.3,26.9,0,0,7.961386914457895,1.3237651026888149e-5,491.3574393810129,491.3574393810129,491.3574393810129,491.3574393810129,491.3574393810129,491.3574393810129,0.0018327693698735742,1.986844188706295e-4,0.0020446914397710915,0.002322248517,3.152614812572649,4.745745417095506
8,36.3,27,0,0,7.95491441456687,1.3873558856933335e-5,516.2127100395037,516.2127100395037,516.2127100395037,516.2127100395037,516.2127100395037,516.2127100395037,0.0018961497652136912,2.0324772725154405e-4,0.0021132710513221686,0.002393878762,3.226588587299239,4.855542578471057
8,36.3,26.8,0,0,8.054589743559466,1.0470750145360975e-5,387.71104511527756,387.71104511527756,387.71104511527756,387.71104511527756,387.71104511527756,387.71104511527756,0.001793146552996436,2.400516226923506e-4,0.0020436689258341474,0.0023823405250000002,3.807166447061113,5.732900263783482
8,36.7,27,0,0,8.076259448675883,8.749163586441819e-6,326.20855735784585,326.20855735784585,326.20855735784585,326.20855735784585,326.20855735784585,326.20855735784585,0.00158665713289013,2.2704803231324497e-4,0.0018224543287898168,0.0021563698519999996,3.593413790168875,5.4049597920190156
8,36.5,27.4,0,0,8.033234823303305,1.0227654794763321e-5,384.6412653300984,384.6412653300984,384.6412653300984,384.6412653300984,384.6412653300984,384.6412653300984,0.0016902667449725745,2.211910001681606e-4,0.0019216853999354988,0.002239985054,3.512957253616019,5.278347937686913
8,36.4,27.3,0,0,8.05365679250428,1.0361806793741521e-5,388.5511346575021,388.5511346575021,388.5511346575021,388.5511346575021,388.5511346575021,388.5511346575021,0.0017898176672653272,2.440292832850415e-4,0.00204420875734411,0.002388573692,3.876743108149162,5.827554764687483
8,36.4,27.4,0,0,7.966894633364494,1.3223649084568155e-5,497.06127334748066,497.06127334748066,497.06127334748066,497.06127334748066,497.06127334748066,497.06127334748066,0.0018742070417048075,2.1001800234112937e-4,0.002097448693130505,0.002388875606,3.3380698448370265,5.016189040447009
8,36.2,27.3,0,0,8.038731859182244,1.081058119717605e-5,404.9663439872901,404.9663439872901,404.9663439872901,404.9663439872901,404.9663439872901,404.9663439872901,0.0018011514771161285,2.361551698691749e-4,0.0020481172281824798,0.0023804456060000003,3.7573502705758655,5.649522564728672
8,36.4,26.5,0,0,7.886651135942547,1.6955962983913852e-5,623.5839828749081,623.5839828749081,623.5839828749081,623.5839828749081,623.5839828749081,623.5839828749081,0.001962457559265739,1.7695794651227938e-4,0.0021563714687619323,0.002395685285,2.8003828073202883,4.2203734260316255
8,36.3,26.8,0,0,8.059443466756976,1.0325941462857352e-5,382.34906771577664,382.34906771577664,382.34906771577664,382.34906771577664,382.34906771577664,382.34906771577664,0.001788221742738582,2.4208281157709778e-4,0.002040630495778537,0.002382436714,3.8393806603329126,5.781409010204601
8,36.3,26.9,0,0,8.01370021313189,1.1636900604693013e-5,431.9405060489387,431.9405060489387,431.9405060489387,431.9405060489387,431.9405060489387,431.9405060489387,0.0018173874038587986,2.22237224552124e-4,0.0020512615290156156,0.002363382042,3.526337747119789,5.308324104735198
