Date,Time,TankID,mV,TempInLab,Flow_Left_30s,Flow_Right_30s,TempInSitu,Salinity,DO_mg_L,Light_nm,TrisCalDate,TA,Notes
6/2/24,12:00,1,-108.8,28.571,114,82,29.5,36.6,4.77,NA,20240602,2308.968,Flow read as 0
6/2/24,12:00,2,-101.3,28.457,131,10,29.4,36.5,4.66,NA,20240602,2215.542,Flow read as 0
6/2/24,12:00,3,-94.4,28.119,68,10,29.2,36.5,4.42,NA,20240602,2357.832,
6/2/24,12:00,4,-97.5,28.421,151,0,29.6,36.5,4.56,NA,20240602,2425.624,
6/2/24,12:00,5,-97.8,27.987,120,20,28.7,36.4,4.72,NA,20240602,2327.843,
6/2/24,12:00,6,-98,27.88,0,134,29,36.4,3.81,NA,20240602,2289.006,
6/2/24,12:00,7,-95.2,27.893,432,541,28.7,36.4,4.72,NA,20240602,2346.496,
6/2/24,12:00,8,-95,27.992,52,274,28.8,36.4,4.47,NA,20240602,2356.019,
6/2/24,12:00,9,-96,28.188,116,424,29,36.4,4.03,NA,20240602,2344.891,
6/2/24,12:00,10,-103.7,28.3,64,280,29.2,36.6,4.13,NA,20240602,2163.075,
6/2/24,12:00,11,-94.6,28.212,29,0,29.3,36.6,3.6,NA,20240602,2365.13,
6/2/24,12:00,12,-101.6,28.254,170,153,29.5,36.6,4,NA,20240602,2215.887,
6/2/24,12:00,13,-104.3,28.364,16,42,29.5,36.6,4.33,NA,20240602,2325.067,
6/2/24,12:00,14,-99.8,28.304,72,29,29.3,36.4,4.25,NA,20240602,2337.419,
6/2/24,12:00,15,-95.6,28.12,0,34,29.4,36.3,4.07,NA,20240602,2362.45,
6/2/24,12:00,16,-96.1,27.979,97,424,28.9,36.4,3.77,NA,20240602,2340.188,
6/2/24,12:00,Inflow1,-94.5,28.387,NA,NA,29,36.5,NA,NA,20240602,2343.183,
6/2/24,12:00,Inflow2,-94.6,27.954,NA,NA,29,36.5,NA,NA,20240602,2355.042,
6/2/24,15:00,1,-101.6,28.31,NA,NA,29,36.4,3.73,NA,20240602,NA,
6/2/24,15:00,2,-97.4,28.17,NA,NA,29.1,36.4,3.77,NA,20240602,NA,
6/2/24,15:00,3,-95.8,28.23,NA,NA,29.3,36.5,3.47,NA,20240602,NA,
6/2/24,15:00,4,-96.7,29.39,NA,NA,29.1,36.5,3.41,NA,20240602,NA,
6/2/24,15:00,5,-96.9,29.34,NA,NA,29,36.4,3.44,NA,20240602,NA,
6/2/24,15:00,6,-96.3,28.16,NA,NA,29,36.4,3.42,NA,20240602,NA,
6/2/24,15:00,7,-95.5,28.036,NA,NA,28.9,36.4,3.84,NA,20240602,NA,
6/2/24,15:00,8,-95.5,28.26,NA,NA,28.8,36.4,3.96,NA,20240602,NA,
6/2/24,15:00,9,-96.1,28.31,NA,NA,28.9,36.4,4.6,NA,20240602,NA,
6/2/24,15:00,10,-96.1,27.89,NA,NA,28.7,36.4,4.1,NA,20240602,NA,
6/2/24,15:00,11,-95.2,28.19,NA,NA,28.8,36.4,4.41,NA,20240602,NA,
6/2/24,15:00,12,-95.9,27.95,NA,NA,28.9,36.4,4.24,NA,20240602,NA,
6/2/24,15:00,13,-102.6,27.83,NA,NA,29.2,36.4,4.56,NA,20240602,NA,
6/2/24,15:00,14,-98.2,28.45,NA,NA,29.1,36.1,4.41,NA,20240602,NA,
6/2/24,15:00,15,-96.1,28.13,NA,NA,29.3,36.5,4.15,NA,20240602,NA,
6/2/24,15:00,16,-95.9,28.09,NA,NA,28.9,36.4,4.17,NA,20240602,NA,
6/2/24,15:00,Inflow1,-95.9,27.61,NA,NA,29,36.4,NA,NA,20240602,NA,
6/2/24,15:00,Inflow2,-95.8,27.64,NA,NA,29,36.4,NA,NA,20240602,NA,
6/2/24,18:00,1,-93.6,27.76,202,260,28.6,36.4,3.82,NA,20240602,2370.89,
6/2/24,18:00,2,-92.7,27.99,20,74,28.9,36.4,4.11,NA,20240602,2336.88,
6/2/24,18:00,3,-95.8,27.68,181,48,28.8,36.4,4.18,NA,20240602,2358,
6/2/24,18:00,4,-92.4,27.51,60,224,28.8,36.4,3.21,NA,20240602,2371.09,
6/2/24,18:00,5,-94.3,27.419,64,196,28.7,36.4,3.03,NA,20240602,2342.425,
6/2/24,18:00,6,-93.5,27.49,58,160,28.8,36.4,3.13,NA,20240602,2333.561,
6/2/24,18:00,7,-93.1,27.59,388,800,28.6,36.4,4.12,NA,20240602,2315.251,
6/2/24,18:00,8,-96,27.53,356,255,28.6,36.4,4.18,NA,20240602,2346.573,
6/2/24,18:00,9,-95.4,27.57,520,160,28.6,36.4,4.12,NA,20240602,2347.496,
6/2/24,18:00,10,-94.6,27.35,254,335,28.6,36.4,3.7,NA,20240602,2346.884,
6/2/24,18:00,11,-95.5,27.45,73,142,28.7,36.4,3.8,NA,20240602,2346.73,
6/2/24,18:00,12,-94.9,27.59,172,268,28.7,36.4,3.58,NA,20240602,2344.997,
6/2/24,18:00,13,-93.2,27.69,68,0,28.9,36.4,3.34,NA,20240602,2354.424,
6/2/24,18:00,14,-94.6,27.38,5,176,28.8,36.4,3.75,NA,20240602,2343.944,
6/2/24,18:00,15,-96.2,27.58,58,0,29,36.4,3.83,NA,20240602,2354.266,
6/2/24,18:00,16,-92.2,27.39,164,326,28.6,36.2,3.61,NA,20240602,2359.864,
6/2/24,18:00,Inflow1,-95.7,27.78,NA,NA,28.6,36.4,NA,NA,20240602,2348.571,
6/2/24,18:00,Inflow2,-95.7,27.43,NA,NA,28.6,36.4,NA,NA,20240602,2326.905,
6/2/24,21:00,1,-93.3,26.35,NA,NA,28.5,36.4,3.14,NA,20240602,NA,
6/2/24,21:00,2,-90.1,26.07,NA,NA,28.6,36.4,3.12,NA,20240602,NA,
6/2/24,21:00,3,-96.2,26.13,NA,NA,28.4,36.4,3.13,NA,20240602,NA,
6/2/24,21:00,4,-91.8,26.08,NA,NA,28.5,36.4,2.84,NA,20240602,NA,
6/2/24,21:00,5,-94.1,25.75,NA,NA,28.5,36.4,2.74,NA,20240602,NA,
6/2/24,21:00,6,-92.9,26.05,NA,NA,36.5,36.4,2.69,NA,20240602,NA,
6/2/24,21:00,7,-92.5,25.92,NA,NA,28.4,36.4,3.4,NA,20240602,NA,
6/2/24,21:00,8,-96.6,25.75,NA,NA,28.4,36.4,3.59,NA,20240602,NA,
6/2/24,21:00,9,-95.3,25.71,NA,NA,28.4,36.2,3.84,NA,20240602,NA,
6/2/24,21:00,10,-95.3,25.57,NA,NA,28.3,36.3,3.9,NA,20240602,NA,
6/2/24,21:00,11,-96.2,25.66,NA,NA,28.4,36.3,3.83,NA,20240602,NA,
6/2/24,21:00,12,-96.1,25.98,NA,NA,28.3,36.4,4.08,NA,20240602,NA,
6/2/24,21:00,13,-90.6,25.68,NA,NA,28.5,36.4,3.68,NA,20240602,NA,
6/2/24,21:00,14,-91,25.76,NA,NA,28.6,36.4,3.4,NA,20240602,NA,
6/2/24,21:00,15,-96.2,25.67,NA,NA,28.5,36.4,3.55,NA,20240602,NA,
6/2/24,21:00,16,-95.6,25.54,NA,NA,28.4,36.4,3.56,NA,20240602,NA,
6/2/24,21:00,Inflow1,-95.6,26.54,NA,NA,28.5,36.4,NA,NA,20240602,NA,
6/2/24,21:00,Inflow2,-96.1,26.69,NA,NA,28.5,36.4,NA,NA,20240602,NA,
6/3/24,0:00,1,-92.2,25.597,78,146,28.2,36.4,3.62,NA,20240602,2366.852,
6/3/24,0:00,2,-88.4,25.77,15,28,28.2,36.4,3.49,NA,20240602,2346.444,
6/3/24,0:00,3,-95.4,25.608,50,150,28.2,36.4,3.69,NA,20240602,2356.603,
6/3/24,0:00,4,-91.1,25.496,55,184,28.2,36.4,3.69,NA,20240602,2459.783,
6/3/24,0:00,5,-93.4,25.45,50,110,28.3,36.4,3.81,NA,20240602,2351.969,
6/3/24,0:00,6,-92.5,25.415,48,146,28.3,36.6,4.08,NA,20240602,2337.276,
6/3/24,0:00,7,-91.9,25.156,5,203,28.2,36.4,3.43,NA,20240602,2318.561,
6/3/24,0:00,8,-95.7,25.343,330,240,28.2,36.4,3.47,NA,20240602,2355.957,
6/3/24,0:00,9,-94.4,25.306,470,166,28.2,36.4,3.39,NA,20240602,NA,
6/3/24,0:00,10,-94.7,25.287,210,284,28.2,36.3,3.31,NA,20240602,2357.273,
6/3/24,0:00,11,-95.7,24.929,58,114,28.3,36.4,3.22,NA,20240602,2358.984,
6/3/24,0:00,12,-94.6,25.04,136,218,28.3,36.3,3.13,NA,20240602,2357.547,
6/3/24,0:00,13,-87.6,25.05,5,76,28.3,36.3,2.92,NA,20240602,2383.262,
6/3/24,0:00,14,-89.6,24.94,5,82,28.3,36.4,3.88,NA,20240602,2377.85,
6/3/24,0:00,15,-96.1,24.74,100,18,28.3,36.4,3.43,NA,20240602,2358.249,
6/3/24,0:00,16,-95.2,24.598,90,254,28.2,36.4,3.5,NA,20240602,2303.17,
6/3/24,0:00,Inflow1,-93.6,25.812,NA,NA,28.2,36.4,NA,NA,20240602,2349.51,
6/3/24,0:00,Inflow2,-95.9,25.65,NA,NA,28.2,36.4,NA,NA,20240602,2363.69,
6/3/24,6:00,1,-91.1,26.072,40,80,28,36.4,3.95,NA,20240602,2358.64,
6/3/24,6:00,2,-87.6,25.934,26,0,28.1,36.4,3.79,NA,20240602,2341.554,
6/3/24,6:00,3,-94.4,25.95,70,60,27.9,36.4,3.6,NA,20240602,2313.736,
6/3/24,6:00,4,-90,25.974,150,50,28,36.4,3.46,NA,20240602,2408.932,
6/3/24,6:00,5,-92.3,25.981,122,36,28.1,36.4,3.76,NA,20240602,2258.106,
6/3/24,6:00,6,-91.7,25.92,120,20,28.1,36.3,3.94,NA,20240602,2343.304,
6/3/24,6:00,7,-91.1,25.877,160,5,28,26.2,3.92,NA,20240602,2306.044,
6/3/24,6:00,8,-95,25.841,170,255,28,36.3,4.01,NA,20240602,2420.65,
6/3/24,6:00,9,-94,25.748,116,310,28,36.4,4.03,NA,20240602,2358.585,
6/3/24,6:00,10,-94.1,25.657,278,258,27.9,36.3,4,NA,20240602,2285.129,
6/3/24,6:00,11,-95.2,25.649,120,110,28.1,36.4,3.86,NA,20240602,2388.952,
6/3/24,6:00,12,-94.2,25.735,210,130,28,36.3,3.88,NA,20240602,2361.74,
6/3/24,6:00,13,-85.9,25.652,0,26,28.1,36.4,3.59,NA,20240602,2347.574,
6/3/24,6:00,14,-88.3,25.59,180,210,28.1,36.4,3.77,NA,20240602,2362.2,
6/3/24,6:00,15,-94.3,25.619,5,92,28.1,36.4,4.07,NA,20240602,2339.474,
6/3/24,6:00,16,-93.5,25.417,140,34,28.1,36.4,3.94,NA,20240602,2339.202,
6/3/24,6:00,Inflow1,-94.1,25.697,NA,NA,28.1,36.4,NA,NA,20240602,2346.113,
6/3/24,6:00,Inflow2,-94.2,26.185,NA,NA,28.1,36.4,NA,NA,20240602,2343.007,
6/3/24,9:00,1,-92.7,26.893,NA,NA,28.7,37,3.79,NA,20240602,NA,
6/3/24,9:00,2,-89.7,26.836,NA,NA,29.2,36.4,3.71,NA,20240602,NA,
6/3/24,9:00,3,-90.2,28.537,NA,NA,29,36.4,3.52,NA,20240602,NA,
6/3/24,9:00,4,-90,28.119,NA,NA,28.8,36.4,3.52,NA,20240602,NA,
6/3/24,9:00,5,-91.5,27.779,NA,NA,28.8,36.4,3.57,NA,20240602,NA,
6/3/24,9:00,6,-91.6,26.317,NA,NA,28.8,36.4,3.55,NA,20240602,NA,
6/3/24,9:00,7,-91.8,26.652,NA,NA,28.8,36.4,3.56,NA,20240602,NA,Very Overcast day for all 9am and noon samples
6/3/24,9:00,8,-91.2,26.547,NA,NA,28.5,36.4,3.42,NA,20240602,NA,
6/3/24,9:00,9,-91.9,26.427,NA,NA,28.7,36.4,3.34,NA,20240602,NA,
6/3/24,9:00,10,-91.8,26.458,NA,NA,28.6,36.4,3.06,NA,20240602,NA,
6/3/24,9:00,11,-91.4,26.169,NA,NA,28.7,36.1,2.95,NA,20240602,NA,
6/3/24,9:00,12,-93.3,25.973,NA,NA,28.6,36.4,2.91,NA,20240602,NA,
6/3/24,9:00,13,-102.7,26.409,NA,NA,29.4,36.4,2.88,NA,20240602,NA,
6/3/24,9:00,14,-95.7,25.897,NA,NA,29.1,36.4,2.74,NA,20240602,NA,
6/3/24,9:00,15,-94.9,25.811,NA,NA,28.9,36.4,2.63,NA,20240602,NA,
6/3/24,9:00,16,-95.8,25.934,NA,NA,28.7,36.3,2.63,NA,20240602,NA,
6/3/24,9:00,Inflow1,-94.9,25.561,NA,NA,28.8,36.4,NA,NA,20240602,NA,
6/3/24,9:00,Inflow2,-95.7,25.369,NA,NA,28.8,36.4,NA,NA,20240602,NA,
6/3/24,12:00,1,-97.4,25.514,NA,NA,28.8,36.4,3.39,NA,20240602,NA,
6/3/24,12:00,2,-99.3,25.61,NA,NA,29.3,36.4,3.48,NA,20240602,NA,
6/3/24,12:00,3,-96.6,25.61,NA,NA,29,36.4,3.02,NA,20240602,NA,
6/3/24,12:00,4,-95.6,25.35,NA,NA,29,36.4,2.59,NA,20240602,NA,
6/3/24,12:00,5,-97.5,25.037,NA,NA,28.9,36.4,2.54,NA,20240602,NA,
6/3/24,12:00,6,-97,25.12,NA,NA,28.9,36.4,2.86,NA,20240602,NA,
6/3/24,12:00,7,-96,24.97,NA,NA,28.9,36.4,3.62,NA,20240602,NA,
6/3/24,12:00,8,-96.6,24.77,NA,NA,28.6,36.4,3.64,NA,20240602,NA,
6/3/24,12:00,9,-96.7,24.79,NA,NA,28.7,36.4,3.47,NA,20240602,NA,
6/3/24,12:00,10,-96.9,24.56,NA,NA,28.7,36.3,3.68,NA,20240602,NA,
6/3/24,12:00,11,-96.6,24.65,NA,NA,28.8,36.4,3.63,NA,20240602,NA,
6/3/24,12:00,12,-96.9,24.8,NA,NA,28.7,36.3,3.69,NA,20240602,NA,
6/3/24,12:00,13,-105.8,24.92,NA,NA,29.2,36.5,3.78,NA,20240602,NA,
6/3/24,12:00,14,-99.5,24.62,NA,NA,29.1,36.4,3.52,NA,20240602,NA,
6/3/24,12:00,15,-96.7,25.58,NA,NA,29,36.4,3.59,NA,20240602,NA,
6/3/24,12:00,16,-96.7,24.63,NA,NA,28.8,36.4,3.72,NA,20240602,NA,
6/3/24,12:00,Inflow1,-96,25.25,NA,NA,28.7,36.4,NA,NA,20240602,NA,
6/3/24,12:00,Inflow2,-95.9,25.197,NA,NA,28.7,36.4,NA,NA,20240602,NA,
6/4/24,12:00,1,-97.2,27.238,NA,NA,29.3,36.3,3.75,NA,20240602,NA,
6/4/24,12:00,2,-98.1,28.84,NA,NA,29.9,36.4,3.81,NA,20240602,NA,
6/4/24,12:00,3,-93.6,28.93,NA,NA,29.6,36.4,3.34,NA,20240602,NA,
6/4/24,12:00,4,-95.2,28.86,NA,NA,29.5,36.4,3.52,NA,20240602,NA,
6/4/24,12:00,5,-97.3,28.53,NA,NA,29.2,36.4,3.86,NA,20240602,NA,
6/4/24,12:00,6,-97,28.48,NA,NA,29.4,36.4,3.46,NA,20240602,NA,
6/4/24,12:00,7,-95.9,28.7,NA,NA,29.4,36.4,3.55,NA,20240602,NA,
6/4/24,12:00,8,-92.8,28.2,NA,NA,28.9,36.4,3.66,NA,20240602,NA,
6/4/24,12:00,9,-93.7,28.53,NA,NA,29.1,36.4,3.43,NA,20240602,NA,
6/4/24,12:00,10,-93.7,28.73,NA,NA,29.1,36.3,3.93,NA,20240602,NA,
6/4/24,12:00,11,-92.4,28.77,NA,NA,29.3,36.4,3.73,NA,20240602,NA,
6/4/24,12:00,12,-93.6,28.54,NA,NA,29.1,36.2,3.95,NA,20240602,NA,
6/4/24,12:00,13,-108.7,29,NA,NA,29.9,36.4,4,NA,20240602,NA,
6/4/24,12:00,14,-99.9,28.95,NA,NA,29.8,36.3,3.97,NA,20240602,NA,
6/4/24,12:00,15,-93.8,28.91,NA,NA,29.7,36.4,3.54,NA,20240602,NA,
6/4/24,12:00,16,-95.5,28.52,NA,NA,29.2,36.4,3.94,NA,20240602,NA,
6/4/24,12:00,Inflow1,-92.4,27.98,NA,NA,29.1,36.4,NA,NA,20240602,NA,
6/4/24,12:00,Inflow2,-92,28.34,NA,NA,29.1,36.4,NA,NA,20240602,NA,
6/5/24,12:00,1,-97,27.087,NA,NA,29.1,36.3,3.61,NA,20240602,NA,Very sunny and hot today
6/5/24,12:00,2,-97.1,27.236,NA,NA,29.4,36.4,3.64,NA,20240602,NA,
6/5/24,12:00,3,-93.5,27.306,NA,NA,29.3,36.3,3.58,NA,20240602,NA,
6/5/24,12:00,4,-94.7,27.245,NA,NA,29.2,36.4,3.69,NA,20240602,NA,
6/5/24,12:00,5,-96.5,27.173,NA,NA,29.1,36.4,3.82,NA,20240602,NA,
6/5/24,12:00,6,-96.9,27.456,NA,NA,29.1,36.4,3.96,NA,20240602,NA,
6/5/24,12:00,7,-95.3,27.393,NA,NA,29.2,36.4,3.97,NA,20240602,NA,
6/5/24,12:00,8,-92.7,27.156,NA,NA,28.9,36.4,3.92,NA,20240602,NA,
6/5/24,12:00,9,-93.8,27.297,NA,NA,29.1,36.4,3.94,NA,20240602,NA,
6/5/24,12:00,10,-93.9,27.713,NA,NA,29,36.4,3.94,NA,20240602,NA,
6/5/24,12:00,11,-92.2,27.759,NA,NA,29.1,36.4,3.89,NA,20240602,NA,
6/5/24,12:00,12,-93.7,27.972,NA,NA,28.9,36.4,3.94,NA,20240602,NA,
6/5/24,12:00,13,-104.2,27.875,NA,NA,29.3,36.4,4,NA,20240602,NA,
6/5/24,12:00,14,-97.4,27.942,NA,NA,29.3,36.4,4.05,NA,20240602,NA,
6/5/24,12:00,15,-92.9,28.141,NA,NA,29.2,36.4,3.85,NA,20240602,NA,
6/5/24,12:00,16,-94,28.038,NA,NA,29,36.4,3.92,NA,20240602,NA,
6/5/24,12:00,Inflow1,-90.6,27.909,NA,NA,29.1,36.4,NA,NA,20240602,NA,
6/5/24,12:00,Inflow2,-91.6,27.667,NA,NA,29.1,36.4,NA,NA,20240602,NA,
6/5/24,21:00,1,-92,27.127,NA,NA,28.5,36.7,3.34,NA,20240602,NA,
6/5/24,21:00,2,-88.5,27.606,NA,NA,28.8,36.3,3.12,NA,20240602,NA,
6/5/24,21:00,3,-92.6,25.79,NA,NA,28.7,36.3,3.21,NA,20240602,NA,
6/5/24,21:00,4,-92.5,26.691,NA,NA,28.6,36.3,3.28,NA,20240602,NA,
6/5/24,21:00,5,-88.9,26.654,NA,NA,28.8,36.1,3.22,NA,20240602,NA,
6/5/24,21:00,6,-91.7,26.585,NA,NA,28.7,36.4,3.3,NA,20240602,NA,
6/5/24,21:00,7,-92.5,26.394,NA,NA,28.6,36.4,3.47,NA,20240602,NA,
6/5/24,21:00,8,-93,26.452,NA,NA,28.6,36.4,3.49,NA,20240602,NA,
6/5/24,21:00,9,-93.6,25.899,NA,NA,28.6,36.4,3.52,NA,20240602,NA,
6/5/24,21:00,10,-93.2,25.825,NA,NA,28.6,36.4,3.55,NA,20240602,NA,
6/5/24,21:00,11,-93.4,25.945,NA,NA,28.6,36.4,3.58,NA,20240602,NA,
6/5/24,21:00,12,-93.1,25.426,NA,NA,28.5,36.4,3.56,NA,20240602,NA,
6/5/24,21:00,13,-93,25.676,NA,NA,29.3,36.6,3.16,NA,20240602,NA,
6/5/24,21:00,14,-93.7,25.564,NA,NA,28.5,36.5,3.54,NA,20240602,NA,
6/5/24,21:00,15,-93.2,25.49,NA,NA,28.9,36.4,3.46,NA,20240602,NA,
6/5/24,21:00,16,-81.7,25.024,NA,NA,29,36.4,3.3,NA,20240602,NA,
6/5/24,21:00,Inflow1,-92.7,25.325,NA,NA,28.6,36.4,NA,NA,20240602,NA,
6/5/24,21:00,Inflow2,-93.8,25.128,NA,NA,28.6,36.4,NA,NA,20240602,NA,
6/6/24,12:00,1,-94.7,27.045,"1,675",440,28.9,36.9,3.72,247,20240606,2351.467,
6/6/24,12:00,2,-95.5,28.461,80,14,30.1,36.4,3.45,243,20240606,2345.467,
6/6/24,12:00,3,-92,28.109,104,24,29.9,36.4,3.32,245,20240606,2335.768,
6/6/24,12:00,4,-93.7,28.109,380,190,29.2,36.4,3.48,232,20240606,2292.041,
6/6/24,12:00,5,-94.5,28.467,130,16,29.3,36.4,3.53,53,20240606,2327.685,
6/6/24,12:00,6,-95.3,28.365,58,12,29.6,36.4,3.6,46,20240606,2287.289,
6/6/24,12:00,7,-92.9,28.469,750,418,29.1,36.4,3.71,55,20240606,2336.044,
6/6/24,12:00,8,-92.9,28.309,200,360,29,36.4,3.72,52,20240606,2361.584,
6/6/24,12:00,9,-93.8,28.182,320,332,29.2,36.4,3.74,302,20240606,2332.194,
6/6/24,12:00,10,-93.9,28.22,242,250,29.2,36.4,3.77,317,20240606,2335.629,
6/6/24,12:00,11,-92.8,28.108,140,150,29.3,36.4,3.72,300,20240606,2347.773,
6/6/24,12:00,12,-94.6,28.483,80,34,29.6,36.4,3.67,285,20240606,2322.468,
6/6/24,12:00,13,-94.7,27.983,590,688,29,36.4,3.75,275,20240606,2344.6,
6/6/24,12:00,14,-93.4,27.745,954,644,29,36.4,3.83,260,20240606,2344.201,
6/6/24,12:00,15,-94,27.896,216,424,29.2,36.4,3.74,258,20240606,2329.286,
6/6/24,12:00,16,-93.8,27.863,10,330,29.2,36.4,3.73,282,20240606,2824.418,
6/6/24,12:00,Inflow1,-93.1,27.302,NA,NA,29.1,36.4,NA,NA,20240606,2331.111,
6/6/24,12:00,Inflow2,-93.3,27.622,NA,NA,29.1,36.4,NA,NA,20240606,2301.299,
6/6/24,21:00,1,-97.5,27.965,218,600,28.5,36.4,3.58,NA,20240606,2331.006,
6/6/24,21:00,2,-93.9,27.977,10,70,28.8,36.4,6.783,NA,20240606,2334.695,
6/6/24,21:00,3,-98,27.92,23,16,28.7,36.4,7.709,NA,20240606,2332.358,
6/6/24,21:00,4,-97.4,27.883,154,346,28.6,36.4,7.377,NA,20240606,2307.758,
6/6/24,21:00,5,-95.4,27.732,22,102,28.8,36.4,7.711,NA,20240606,2338.475,
6/6/24,21:00,6,-95.8,27.85,70,258,28.7,36.4,7.623,NA,20240606,2343.815,
6/6/24,21:00,7,-96.6,27.758,310,632,28.6,36.4,7.411,NA,20240606,2322.04,
6/6/24,21:00,8,-97.3,27.771,576,0,28.6,36.4,7.279,NA,20240606,2311.952,
6/6/24,21:00,9,-96.4,27.94,342,402,28.6,36.4,7.139,NA,20240606,2355.482,
6/6/24,21:00,10,-96,27.958,222,92,28.6,36.4,6.978,NA,20240606,2332.237,
6/6/24,21:00,11,-97.1,28.072,148,142,28.6,36.4,7.019,NA,20240606,2333.189,
6/6/24,21:00,12,-93.7,27.817,16,64,28.5,36.4,6.709,NA,20240606,2313.247,
6/6/24,21:00,13,-96.9,27.86,550,450,29.3,36.4,6.581,NA,20240606,2342.071,
6/6/24,21:00,14,-96.9,27.91,412,760,28.5,36.4,6.717,NA,20240606,2338.711,
6/6/24,21:00,15,-97.5,27.803,400,198,28.9,36.4,6.891,NA,20240606,2338.045,
6/6/24,21:00,16,-96.1,27.735,340,50,29,36.4,6.906,NA,20240606,2333.698,
6/6/24,21:00,Inflow1,-93.4,27.722,NA,NA,28.6,36.4,6.995,NA,20240606,2275.838,
6/6/24,21:00,Inflow2,-97.8,27.121,NA,NA,28.6,36.4,7.219,NA,20240606,2354.9,
6/7/24,12:00,1,-97,28.201,NA,NA,29.1,36.4,7.928,397,20240606,NA,
6/7/24,12:00,2,-96.1,28.167,NA,NA,29.3,36.4,7.868,360,20240606,NA,
6/7/24,12:00,3,-95.7,28.31,NA,NA,28.6,36.4,7.712,397,20240606,NA,
6/7/24,12:00,4,-97.1,28.314,NA,NA,28.4,36.4,7.91,382,20240606,NA,
6/7/24,12:00,5,-100.8,28.612,NA,NA,28.7,36.4,7.994,320,20240606,NA,
6/7/24,12:00,6,-103,28.552,NA,NA,29.2,36.4,8.311,404,20240606,NA,
6/7/24,12:00,7,-97.3,28.483,NA,NA,29.1,36.4,7.851,383,20240606,NA,
6/7/24,12:00,8,-95.4,28.206,NA,NA,29,36.4,7.634,404,20240606,NA,
6/7/24,12:00,9,-97.3,28.328,NA,NA,29.5,36.4,7.826,368,20240606,NA,
6/7/24,12:00,10,-99.9,28.829,NA,NA,29.3,36.4,8.233,396,20240606,NA,
6/7/24,12:00,11,-95.5,28.445,NA,NA,28.8,36.4,7.466,320,20240606,NA,
6/7/24,12:00,12,-99.5,28.665,NA,NA,28.9,36.4,7.811,360,20240606,NA,
6/7/24,12:00,13,-97.5,28.657,NA,NA,29,36.4,7.754,390,20240606,NA,
6/7/24,12:00,14,-98.7,28.857,NA,NA,29,36.4,7.754,407,20240606,NA,
6/7/24,12:00,15,-94.9,28.591,NA,NA,29.2,36.4,7.754,340,20240606,NA,
6/7/24,12:00,16,-95.5,28.62,NA,NA,29.4,36.4,7.754,395,20240606,NA,
6/7/24,12:00,Inflow1,-93.1,28.772,NA,NA,29.1,36.4,7.578,NA,20240606,NA,
6/7/24,12:00,Inflow2,-94.4,28.015,NA,NA,29.1,36.4,7.554,NA,20240606,NA,
6/7/24,21:00,1,-93.8,27.251,NA,NA,28.9,36.4,8.02,NA,20240606,NA,
6/7/24,21:00,2,-94.5,27.319,NA,NA,28.5,36.4,8.052,NA,20240606,NA,
6/7/24,21:00,3,-95.1,27.106,NA,NA,28.5,36.4,8.235,NA,20240606,NA,
6/7/24,21:00,4,-93.8,27.04,NA,NA,28.6,36.4,7.924,NA,20240606,NA,
6/7/24,21:00,5,-91,26.909,NA,NA,28.7,36.4,7.87,NA,20240606,NA,
6/7/24,21:00,6,-91.4,26.817,NA,NA,28.5,36.4,7.847,NA,20240606,NA,
6/7/24,21:00,7,-92.5,26.805,NA,NA,28.3,36.4,8.131,NA,20240606,NA,
6/7/24,21:00,8,-95.7,26.89,NA,NA,28.6,36.4,7.847,NA,20240606,NA,
6/7/24,21:00,9,-93.3,27.223,NA,NA,28.6,36.4,7.941,NA,20240606,NA,
6/7/24,21:00,10,-92.3,26.963,NA,NA,28.6,36.4,7.893,NA,20240606,NA,
6/7/24,21:00,11,-95.3,27.126,NA,NA,28.6,36.4,8.13,NA,20240606,NA,
6/7/24,21:00,12,-92.4,27.187,NA,NA,28.5,36.4,6.68,NA,20240606,NA,
6/7/24,21:00,13,-94.5,27.019,NA,NA,28.7,36.4,7.672,NA,20240606,NA,
6/7/24,21:00,14,-94.2,27.082,NA,NA,28.5,36.4,7.727,NA,20240606,NA,
6/7/24,21:00,15,-95.5,26.817,NA,NA,28.9,36.4,7.93,NA,20240606,NA,
6/7/24,21:00,16,-94.6,27.122,NA,NA,29,36.4,7.878,NA,20240606,NA,
6/7/24,21:00,Inflow1,-94.3,27.06,NA,NA,28.6,36.4,7.863,NA,20240606,NA,
6/7/24,21:00,Inflow2,-94,27.371,NA,NA,28.6,36.4,7.981,NA,20240606,NA,
6/8/24,12:00,1,-93.4,27.071,NA,NA,28.6,36.4,8.059,83,20240606,NA,Overcast/rain
6/8/24,12:00,2,-92.6,27.446,NA,NA,29.3,36.4,8.174,78,20240606,NA,
6/8/24,12:00,3,-93.8,26.858,NA,NA,28.6,36.4,8.067,81,20240606,NA,
6/8/24,12:00,4,-93.3,27.032,NA,NA,28.4,36.4,8.012,74,20240606,NA,
6/8/24,12:00,5,-92.3,27.122,NA,NA,28.7,36.4,7.874,70,20240606,NA,
6/8/24,12:00,6,-91.9,27.234,NA,NA,28.8,36.4,7.89,84,20240606,NA,
6/8/24,12:00,7,-92.9,27.076,NA,NA,29.1,36.4,7.791,84,20240606,NA,
6/8/24,12:00,8,-94.3,26.765,NA,NA,29,36.4,7.721,87,20240606,NA,
6/8/24,12:00,9,-92.8,27.213,NA,NA,28.7,36.4,7.77,96,20240606,NA,
6/8/24,12:00,10,-93.8,27.723,NA,NA,28.9,36.4,7.653,82,20240606,NA,
6/8/24,12:00,11,-94,27.054,NA,NA,29,36.4,7.73,69,20240606,NA,
6/8/24,12:00,12,-92.8,27.074,NA,NA,29.1,36.4,7.608,70,20240606,NA,
6/8/24,12:00,13,-94,27.06,NA,NA,28.6,36.4,7.657,80,20240606,NA,
6/8/24,12:00,14,-93.9,27.079,NA,NA,28.6,36.4,7.671,94,20240606,NA,
6/8/24,12:00,15,-94.3,27.669,NA,NA,29.2,36.4,7.638,79,20240606,NA,
6/8/24,12:00,16,-93.4,26.717,NA,NA,29.3,36.4,7.583,89,20240606,NA,
6/8/24,12:00,Inflow1,-91.1,26.686,NA,NA,28.8,36.4,7.679,NA,20240606,NA,
6/8/24,12:00,Inflow2,-93.4,26.955,NA,NA,28.8,36.4,7.889,NA,20240606,NA,
6/8/24,21:00,1,-91.5,26.886,NA,NA,28.8,36.4,,NA,20240606,NA,
6/8/24,21:00,2,-95.4,26.835,NA,NA,28.6,36.4,,NA,20240606,NA,
6/8/24,21:00,3,-94.4,26.739,NA,NA,28.6,36.4,,NA,20240606,NA,
6/8/24,21:00,4,-93.2,26.532,NA,NA,28.7,36.4,,NA,20240606,NA,
6/8/24,21:00,5,-92.8,26.122,NA,NA,28.6,36.4,,NA,20240606,NA,
6/8/24,21:00,6,-90.6,26.657,NA,NA,28.5,36.4,,NA,20240606,NA,
6/8/24,21:00,7,-92.4,26.896,NA,NA,28.3,36.4,,NA,20240606,NA,
6/8/24,21:00,8,-94.3,26.781,NA,NA,28.6,36.4,,NA,20240606,NA,
6/8/24,21:00,9,-93,27.045,NA,NA,28.5,36.4,,NA,20240606,NA,
6/8/24,21:00,10,-91.9,26.599,NA,NA,28.6,36.4,,NA,20240606,NA,
6/8/24,21:00,11,-94.6,26.922,NA,NA,28.4,36.4,,NA,20240606,NA,
6/8/24,21:00,12,-92,26.774,NA,NA,28.5,36.4,,NA,20240606,NA,
6/8/24,21:00,13,-93.5,26.897,NA,NA,28.7,36.4,,NA,20240606,NA,
6/8/24,21:00,14,-93.4,26.947,NA,NA,28.5,36.4,,NA,20240606,NA,
6/8/24,21:00,15,-94.4,26.875,NA,NA,28.9,36.4,,NA,20240606,NA,
6/8/24,21:00,16,-93.8,26.864,NA,NA,29,36.4,,NA,20240606,NA,
6/8/24,21:00,Inflow1,-95.5,26.885,NA,NA,28.6,36.4,,NA,20240606,NA,
6/8/24,21:00,Inflow2,-94.1,26.604,NA,NA,28.6,36.4,,NA,20240606,NA,
6/9/24,12:00,1,-95.9,28.099,NA,NA,28.6,36.4,7.945,181,20240606,NA,Overcast/rain
6/9/24,12:00,2,-93.5,27.785,NA,NA,29.3,36.4,7.08,173,20240606,NA,
6/9/24,12:00,3,-93.2,27.763,NA,NA,28.6,36.4,7.626,172,20240606,NA,
6/9/24,12:00,4,-94.4,27.907,NA,NA,28.4,36.4,6.804,170,20240606,NA,
6/9/24,12:00,5,-94.3,27.786,NA,NA,28.7,36.4,7.589,151,20240606,NA,
6/9/24,12:00,6,-101.5,28.705,NA,NA,28.8,36.4,9.048,177,20240606,NA,
6/9/24,12:00,7,-94.6,28.13,NA,NA,29.1,36.4,8.605,186,20240606,NA,
6/9/24,12:00,8,-93,27.854,NA,NA,29,36.4,7.929,198,20240606,NA,
6/9/24,12:00,9,-93.8,28.184,NA,NA,28.7,36.4,9.178,177,20240606,NA,
6/9/24,12:00,10,-97.3,28.243,NA,NA,28.9,36.4,8.81,180,20240606,NA,
6/9/24,12:00,11,-93.9,28.303,NA,NA,29,36.4,7.694,147,20240606,NA,
6/9/24,12:00,12,-96.3,27.976,NA,NA,29.1,36.4,7.521,154,20240606,NA,
6/9/24,12:00,13,-93.9,27.836,NA,NA,28.6,36.4,7.694,177,20240606,NA,
6/9/24,12:00,14,-94.5,27.898,NA,NA,28.6,36.4,6.786,213,20240606,NA,
6/9/24,12:00,15,-92.9,28.419,NA,NA,29.2,36.4,7.385,175,20240606,NA,
6/9/24,12:00,16,-93,27.823,NA,NA,29.3,36.4,8.509,181,20240606,NA,
6/9/24,12:00,Inflow1,-91,28.013,NA,NA,28.8,36.4,7.832,NA,20240606,NA,
6/9/24,12:00,Inflow2,-91.1,27.764,NA,NA,28.8,36.4,7.477,NA,20240606,NA,
6/9/24,21:00,1,-91.9,26.577,NA,NA,28.8,36.4,6.661,NA,20240606,NA,
6/9/24,21:00,2,-89.5,26.576,NA,NA,28.6,36.4,6.278,NA,20240606,NA,
6/9/24,21:00,3,-92.9,26.422,NA,NA,28.6,36.4,6.998,NA,20240606,NA,
6/9/24,21:00,4,-91.5,26.6,NA,NA,28.7,36.4,5.877,NA,20240606,NA,
6/9/24,21:00,5,-91.7,26.602,NA,NA,28.6,36.4,6.492,NA,20240606,NA,
6/9/24,21:00,6,-86.7,26.51,NA,NA,28.5,36.4,5.69,NA,20240606,NA,
6/9/24,21:00,7,-90.9,26.596,NA,NA,28.3,36.4,6.29,NA,20240606,NA,
6/9/24,21:00,8,-92.8,26.314,NA,NA,28.6,36.4,7.162,NA,20240606,NA,
6/9/24,21:00,9,-91.5,26.744,NA,NA,28.5,36.4,7.886,NA,20240606,NA,
6/9/24,21:00,10,-89,26.35,NA,NA,28.6,36.4,6.816,NA,20240606,NA,
6/9/24,21:00,11,-92.8,26.504,NA,NA,28.4,36.4,6.689,NA,20240606,NA,
6/9/24,21:00,12,-89.1,26.577,NA,NA,28.5,36.4,5.806,NA,20240606,NA,
6/9/24,21:00,13,-92.3,26.419,NA,NA,28.7,36.4,6.805,NA,20240606,NA,
6/9/24,21:00,14,-90.3,26.561,NA,NA,28.5,36.4,5.688,NA,20240606,NA,
6/9/24,21:00,15,-93.1,26.249,NA,NA,28.9,36.4,6.474,NA,20240606,NA,
6/9/24,21:00,16,-92.5,26.391,NA,NA,28.6,36.4,6.122,NA,20240606,NA,
6/9/24,21:00,Inflow1,-92.2,26.079,NA,NA,28.6,36.4,6.26,NA,20240606,NA,
6/9/24,21:00,Inflow2,-92.8,26.255,NA,NA,28.6,36.4,7.072,NA,20240606,NA,
6/10/24,12:00,1,-98.4,27.678,NA,NA,28.6,36.4,8.824,352,20240606,NA,
6/10/24,12:00,2,-98.3,27.087,NA,NA,29.3,36.4,8.378,180,20240606,NA,
6/10/24,12:00,3,-93.9,27.491,NA,NA,28.6,36.4,8.059,300,20240606,NA,
6/10/24,12:00,4,-96.7,26.52,NA,NA,28.4,36.4,7.395,192,20240606,NA,
6/10/24,12:00,5,-99.9,26.72,NA,NA,28.7,36.4,8.962,161,20240606,NA,
6/10/24,12:00,6,-101.6,27.097,NA,NA,28.8,36.4,8.849,252,20240606,NA,
6/10/24,12:00,7,-98.2,27.039,NA,NA,29.1,36.4,8.437,306,20240606,NA,
6/10/24,12:00,8,-94.6,27.047,NA,NA,29,36.4,8.265,351,20240606,NA,
6/10/24,12:00,9,-97.3,27.383,NA,NA,28.7,36.4,10.556,525,20240606,NA,
6/10/24,12:00,10,-99.6,27.437,NA,NA,28.9,36.4,9.518,267,20240606,NA,
6/10/24,12:00,11,-94.7,27.356,NA,NA,29,36.4,8.65,167,20240606,NA,
6/10/24,12:00,12,-99.3,27.285,NA,NA,29.1,36.4,9.094,404,20240606,NA,
6/10/24,12:00,13,-96.6,27.253,NA,NA,28.6,36.4,8.701,304,20240606,NA,
6/10/24,12:00,14,-95.6,27.253,NA,NA,28.6,36.4,7.379,289,20240606,NA,
6/10/24,12:00,15,-93.4,27.092,NA,NA,29.2,36.4,7.362,500,20240606,NA,
6/10/24,12:00,16,-94.9,26.974,NA,NA,29.3,36.4,9.034,530,20240606,NA,
6/10/24,12:00,Inflow1,-92.4,28.177,NA,NA,28.8,36.4,8.04,NA,20240606,NA,
6/10/24,12:00,Inflow2,-93.3,27.901,NA,NA,28.8,36.4,8.044,NA,20240606,NA,
6/10/24,21:00,1,-77.3,25.642,NA,NA,28.7,36.4,7.878,NA,20240610,NA,
6/10/24,21:00,2,-87.7,25.643,NA,NA,28.5,36.4,7.278,NA,20240610,NA,
6/10/24,21:00,3,-92.1,26.099,NA,NA,28.4,36.4,8.221,NA,20240610,NA,
6/10/24,21:00,4,-88.9,25.954,NA,NA,28.6,36.4,6.752,NA,20240610,NA,
6/10/24,21:00,5,-89.6,25.889,NA,NA,28.5,36.4,7.611,NA,20240610,NA,
6/10/24,21:00,6,-89.3,25.932,NA,NA,28.3,36.4,7.276,NA,20240610,NA,
6/10/24,21:00,7,-90.7,25.75,NA,NA,28.3,36.4,7.454,NA,20240610,NA,
6/10/24,21:00,8,-93.1,25.696,NA,NA,28.5,36.4,7.962,NA,20240610,NA,
6/10/24,21:00,9,-91.4,25.755,NA,NA,28.4,36.4,9.329,NA,20240610,NA,
6/10/24,21:00,10,-90.4,25.67,NA,NA,28.2,36.4,8.096,NA,20240610,NA,
6/10/24,21:00,11,-92.7,25.81,NA,NA,28.3,36.4,7.214,NA,20240610,NA,
6/10/24,21:00,12,-89.5,25.68,NA,NA,28.2,36.4,6.27,NA,20240610,NA,
6/10/24,21:00,13,-91.4,25.669,NA,NA,28.5,36.4,7.442,NA,20240610,NA,
6/10/24,21:00,14,-92.1,25.729,NA,NA,28.4,36.4,6.176,NA,20240610,NA,
6/10/24,21:00,15,-92.9,25.76,NA,NA,28.7,36.4,7.158,NA,20240610,NA,
6/10/24,21:00,16,-92.2,25.584,NA,NA,28.8,36.4,6.549,NA,20240610,NA,
6/10/24,21:00,Inflow1,-93.6,24.773,NA,NA,28.6,36.4,7.535,NA,20240610,NA,
6/10/24,21:00,Inflow2,-93.6,24.671,NA,NA,28.6,36.4,6.479,NA,20240610,NA,
6/11/24,12:00,1,-98.4,27.565,196,150,27.7,36.4,8.868,414,20240610,2366.802,
6/11/24,12:00,2,-98.1,27.409,294,8,27.5,36.4,8.178,389,20240610,2334.958,
6/11/24,12:00,3,-92.2,27.48,288,202,27.6,36.2,7.764,400,20240610,2357.972,
6/11/24,12:00,4,-96.3,27.447,180,500,27.5,36.4,7.497,409,20240610,2358.61,
6/11/24,12:00,5,-98.7,27.646,360,100,50,36.4,8.472,360,20240610,2339.986,
6/11/24,12:00,6,-106,28.022,20,30,28.6,36.5,9.057,390,20240610,2297.974,
6/11/24,12:00,7,-98.7,27.795,174,22,27.7,36.5,9.048,405,20240610,2301.539,
6/11/24,12:00,8,-93.1,27.606,148,194,27.8,36.4,8.538,419,20240610,2360.023,
6/11/24,12:00,9,-99.9,27.378,20,80,27.8,36.4,10.477,404,20240610,2283.74,
6/11/24,12:00,10,-100,27.666,28,90,28.6,36.4,8.956,392,20240610,2313.502,
6/11/24,12:00,11,-95,27.322,26,20,27.8,36.5,8.799,345,20240610,2363.339,
6/11/24,12:00,12,-101.7,27.452,34,8,28.2,36.5,9.288,379,20240610,2315.566,
6/11/24,12:00,13,-96.7,27.055,210,310,27.6,36.4,9.019,402,20240610,2360.016,
6/11/24,12:00,14,-95.8,27.044,350,126,27.7,36.7,7.744,435,20240610,2355.629,
6/11/24,12:00,15,-94,26.937,86,236,27.5,36.4,8.282,370,20240610,2359.031,
6/11/24,12:00,16,-94.2,26.784,226,486,27.5,36.4,8.535,421,20240610,2336.816,
6/11/24,12:00,Inflow1,-92.7,27.048,NA,NA,28,36.4,8.499,NA,20240610,2365.709,
6/11/24,12:00,Inflow2,-93.1,26.555,NA,NA,28,36.4,8.34,NA,20240610,2360.581,
6/11/24,21:00,1,-91.9,25.962,162,136,27.2,36.4,7.556,NA,20240610,NA,
6/11/24,21:00,2,-88.1,25.941,0,36,27.1,36.5,6.693,NA,20240610,NA,
6/11/24,21:00,3,-93.2,26.122,206,300,27.2,36.3,8.006,NA,20240610,NA,
6/11/24,21:00,4,-91.3,26.114,248,174,27,36.4,6.56,NA,20240610,NA,
6/11/24,21:00,5,-91.8,26.038,46,86,27.2,36.3,7.466,NA,20240610,NA,
6/11/24,21:00,6,-90.2,25.97,36,31,27,36.4,6.779,NA,20240610,NA,
6/11/24,21:00,7,-90.4,26.13,8,130,27.2,36.4,6.938,NA,20240610,NA,
6/11/24,21:00,8,-94.2,25.947,122,78,27.2,36.4,8.056,NA,20240610,NA,
6/11/24,21:00,9,-89.9,26.327,18,84,27.2,36.4,8.959,NA,20240610,NA,
6/11/24,21:00,10,-90.4,25.968,19,88,27.2,36.4,7.845,NA,20240610,NA,
6/11/24,21:00,11,-93.7,26.258,25,30,27.3,36.4,7.091,NA,20240610,NA,
6/11/24,21:00,12,-89.6,26.195,12,44,27.3,36.4,6.117,NA,20240610,NA,
6/11/24,21:00,13,-92.6,25.497,312,136,27.1,36.4,7.396,NA,20240610,NA,
6/11/24,21:00,14,-93.7,26.102,400,312,27.2,36.4,6.186,NA,20240610,NA,
6/11/24,21:00,15,-94,25.984,5,47,27,36.5,7.048,NA,20240610,NA,
6/11/24,21:00,16,-93.5,25.947,200,418,27.1,36,6.55,NA,20240610,NA,
6/11/24,21:00,Inflow1,-94.2,24.797,NA,NA,27,36.4,6.875,NA,20240610,NA,
6/11/24,21:00,Inflow2,-94.5,25.048,NA,NA,27,36.4,7.432,NA,20240610,NA,
6/12/24,21:00,1,-92.2,25.715,NA,NA,27.4,36.4,7.528,NA,20240610,NA,
6/12/24,21:00,2,-88.8,26.129,NA,NA,27.3,36.5,6.7,NA,20240610,NA,
6/12/24,21:00,3,-93.8,25.896,NA,NA,27.5,36.5,7.762,NA,20240610,NA,
6/12/24,21:00,4,-81.7,26.037,NA,NA,27.5,36.5,5.888,NA,20240610,NA,
6/12/24,21:00,5,-91.1,25.899,NA,NA,27.3,36.4,7.372,NA,20240610,NA,
6/12/24,21:00,6,-93,25.767,NA,NA,27.3,36.5,7.296,NA,20240610,NA,
6/12/24,21:00,7,-90.5,25.934,NA,NA,27.4,36.5,7.107,NA,20240610,NA,
6/12/24,21:00,8,-94.1,25.869,NA,NA,27.4,36.4,7.805,NA,20240610,NA,
6/12/24,21:00,9,-87.9,26.048,NA,NA,27.3,36.5,8.282,NA,20240610,NA,
6/12/24,21:00,10,-92.9,25.635,NA,NA,27.4,36.4,7.789,NA,20240610,NA,
6/12/24,21:00,11,-93.7,25.832,NA,NA,27.3,36.4,7.306,NA,20240610,NA,
6/12/24,21:00,12,-91.5,25.705,NA,NA,27.2,36.5,6.238,NA,20240610,NA,
6/12/24,21:00,13,-92.6,25.847,NA,NA,27.4,36.4,7.171,NA,20240610,NA,
6/12/24,21:00,14,-92.9,25.758,NA,NA,27.4,36.4,5.498,NA,20240610,NA,
6/12/24,21:00,15,-93.9,25.529,NA,NA,27.3,36.5,7.151,NA,20240610,NA,
6/12/24,21:00,16,-92.8,25.691,NA,NA,27.4,36.4,6.826,NA,20240610,NA,
6/12/24,21:00,Inflow1,-94.3,24.861,NA,NA,27,36.4,6.755,NA,20240610,NA,
6/12/24,21:00,Inflow2,-94.4,24.697,NA,NA,27,36.4,7.658,NA,20240610,NA,
6/13/24,12:00,1,-84.4,25.92,NA,NA,27.2,36.3,7.066,133,20240610,NA,"Overcast, storming"
6/13/24,12:00,2,-93.3,25.869,NA,NA,27.4,36.5,7.274,142,20240610,NA,
6/13/24,12:00,3,-93.5,25.902,NA,NA,27.6,36.5,7.655,121,20240610,NA,
6/13/24,12:00,4,-88.4,25.985,NA,NA,27.7,36.4,6.376,120,20240610,NA,
6/13/24,12:00,5,-94.4,25.774,NA,NA,27.4,36.4,7.551,146,20240610,NA,
6/13/24,12:00,6,-93.9,25.824,NA,NA,27.4,36.4,7.253,136,20240610,NA,
6/13/24,12:00,7,-92.4,25.971,NA,NA,27.4,36.4,7.19,123,20240610,NA,
6/13/24,12:00,8,-94.2,25.32,NA,NA,27.3,36.4,7.823,133,20240610,NA,
6/13/24,12:00,9,-94.1,25.564,NA,NA,27.6,36.5,9.076,143,20240610,NA,
6/13/24,12:00,10,-94.7,25.474,NA,NA,27.2,36.4,7.66,154,20240610,NA,
6/13/24,12:00,11,-94.8,25.338,NA,NA,27.3,36.4,7.039,165,20240610,NA,
6/13/24,12:00,12,-95.7,25.359,NA,NA,27.4,36.5,7.387,156,20240610,NA,
6/13/24,12:00,13,-95.5,25.425,NA,NA,27.4,36.4,7.845,164,20240610,NA,
6/13/24,12:00,14,-95.1,25.499,NA,NA,27.4,36.4,6.51,166,20240610,NA,
6/13/24,12:00,15,-94.4,25.41,NA,NA,27.6,36.5,7.712,143,20240610,NA,
6/13/24,12:00,16,-94.4,25.382,NA,NA,27.4,36.5,7.331,158,20240610,NA,
6/13/24,12:00,Inflow1,-95.3,24.868,NA,NA,27,36.4,7.202,NA,20240610,NA,
6/13/24,12:00,Inflow2,-95.1,25.052,NA,NA,27,36.4,7.995,NA,20240610,NA,
6/13/24,21:00,1,-93.8,26.253,NA,NA,27.3,36.3,7.529,NA,20240610,NA,
6/13/24,21:00,2,-89.5,26.362,NA,NA,27.3,36.3,6.947,NA,20240610,NA,
6/13/24,21:00,3,-95,26.595,NA,NA,27.3,36.3,7.522,NA,20240610,NA,
6/13/24,21:00,4,-84,26.351,NA,NA,27.3,36.3,6.615,NA,20240610,NA,
6/13/24,21:00,5,-91.6,26.506,NA,NA,27.3,36.3,7.287,NA,20240610,NA,
6/13/24,21:00,6,-94.8,26.32,NA,NA,27.3,36.3,7.091,NA,20240610,NA,
6/13/24,21:00,7,-92,26.589,NA,NA,27.3,36.2,7.122,NA,20240610,NA,
6/13/24,21:00,8,-95.7,26.275,NA,NA,27.3,36.4,7.607,NA,20240610,NA,
6/13/24,21:00,9,-91.2,26.394,NA,NA,27.3,36.3,8.526,NA,20240610,NA,
6/13/24,21:00,10,-95,26.267,NA,NA,27.3,36.4,7.516,NA,20240610,NA,
6/13/24,21:00,11,-95.7,26.541,NA,NA,27.3,36.3,7.207,NA,20240610,NA,
6/13/24,21:00,12,-93.3,26.32,NA,NA,27.4,36.4,6.184,NA,20240610,NA,
6/13/24,21:00,13,-94,26.455,NA,NA,27.5,36.3,7.059,NA,20240610,NA,
6/13/24,21:00,14,-94.1,26.172,NA,NA,27.5,36.4,5.902,NA,20240610,NA,
6/13/24,21:00,15,-95.8,26.528,NA,NA,27.4,36.4,7.119,NA,20240610,NA,
6/13/24,21:00,16,-95.1,26.317,NA,NA,27,36.3,6.876,NA,20240610,NA,
6/13/24,21:00,Inflow1,-93.3,26.101,NA,NA,27,36.4,6.679,NA,20240610,NA,
6/13/24,21:00,Inflow2,-94.9,26.036,NA,NA,27,36.4,7.594,NA,20240610,NA,
6/14/24,12:00,1,-99.9,28.514,NA,NA,28.3,36.1,8.265,380,20240610,NA,
6/14/24,12:00,2,-105.1,28.897,NA,NA,29.4,36.2,8.094,394,20240610,NA,
6/14/24,12:00,3,-96,28.69,NA,NA,29,36.1,8.016,361,20240610,NA,
6/14/24,12:00,4,-103.3,28.471,NA,NA,29.1,36.1,7.641,334,20240610,NA,
6/14/24,12:00,5,-104.8,28.824,NA,NA,29.4,36.3,8.706,405,20240610,NA,
6/14/24,12:00,6,-97.8,28.159,NA,NA,28.3,36.1,7.688,369,20240610,NA,
6/14/24,12:00,7,-101.5,28.615,NA,NA,28.7,36.1,8.126,313,20240610,NA,
6/14/24,12:00,8,-96.4,28.116,NA,NA,28.3,36.1,8.024,342,20240610,NA,
6/14/24,12:00,9,-103.6,28.678,NA,NA,28.8,36.1,9.848,386,20240610,NA,
6/14/24,12:00,10,-98.4,28.378,NA,NA,28.2,36.1,8.152,415,20240610,NA,
6/14/24,12:00,11,-96.1,28.765,NA,NA,28.3,36.1,8.052,420,20240610,NA,
6/14/24,12:00,12,-103.7,28.592,NA,NA,28.9,36.1,9.292,360,20240610,NA,
6/14/24,12:00,13,-103.8,28.888,NA,NA,28.7,36.1,8.945,405,20240610,NA,
6/14/24,12:00,14,-99.9,28.955,NA,NA,28.5,36.1,8.513,421,20240610,NA,
6/14/24,12:00,15,-95.9,28.647,NA,NA,28.9,36.1,8.502,365,20240610,NA,
6/14/24,12:00,16,-98.8,28.363,NA,NA,28.4,36.1,7.961,407,20240610,NA,
6/14/24,12:00,Inflow1,-94.7,29.248,NA,NA,29.5,36.1,9.037,NA,20240610,NA,
6/14/24,12:00,Inflow2,-96.1,29.579,NA,NA,29.6,36.1,7.96,NA,20240610,NA,
6/14/24,21:00,1,-89,26.273,NA,NA,27.3,36.3,6.406,NA,20240610,NA,
6/14/24,21:00,2,-90.2,26.652,NA,NA,27.8,36.1,5.806,NA,20240610,NA,
6/14/24,21:00,3,-94.3,26.495,NA,NA,27.9,36.1,7.716,NA,20240610,NA,
6/14/24,21:00,4,-79.2,26.506,NA,NA,28,36.1,4.404,NA,20240610,NA,
6/14/24,21:00,5,-89.9,26.451,NA,NA,27.7,36.1,6.318,NA,20240610,NA,
6/14/24,21:00,6,-94.8,26.773,NA,NA,27.5,36.1,7.153,NA,20240610,NA,
6/14/24,21:00,7,-91.8,26.07,NA,NA,27.6,36.1,6.385,NA,20240610,NA,
6/14/24,21:00,8,-96.1,26.148,NA,NA,27.5,36.1,7.891,NA,20240610,NA,
6/14/24,21:00,9,-90.6,26.513,NA,NA,27.7,36.1,8.233,NA,20240610,NA,
6/14/24,21:00,10,-94.6,26.348,NA,NA,27.4,36.1,7.556,NA,20240610,NA,
6/14/24,21:00,11,-96.1,26.524,NA,NA,27.4,36.1,6.724,NA,20240610,NA,
6/14/24,21:00,12,-91.2,26.452,NA,NA,27.6,36.1,5.761,NA,20240610,NA,
6/14/24,21:00,13,-89.2,26.37,NA,NA,27.7,36.1,6.554,NA,20240610,NA,
6/14/24,21:00,14,-94,26.492,NA,NA,27.4,36.1,4.949,NA,20240610,NA,
6/14/24,21:00,15,-95.8,26.552,NA,NA,27.8,36.1,6.733,NA,20240610,NA,
6/14/24,21:00,16,-93.6,26.203,NA,NA,27.5,36.1,6.507,NA,20240610,NA,
6/14/24,21:00,Inflow1,-96.7,24.319,NA,NA,27,36.4,7.108,NA,20240610,NA,
6/14/24,21:00,Inflow2,-96.4,24.395,NA,NA,27,36.4,7.698,NA,20240610,NA,
6/15/24,12:00,1,-101,28.232,NA,NA,28.3,36,8.951,440,20240610,NA,
6/15/24,12:00,2,-107.1,28.938,NA,NA,29.4,36.3,9.196,456,20240610,NA,
6/15/24,12:00,3,-96.5,28.575,NA,NA,28.9,36.3,8.042,418,20240610,NA,
6/15/24,12:00,4,-103.7,28.375,NA,NA,29.1,36.3,8.598,398,20240610,NA,
6/15/24,12:00,5,-107.8,28.891,NA,NA,29.4,36.2,9.405,467,20240610,NA,
6/15/24,12:00,6,-97.7,28.103,NA,NA,28.4,36.2,7.613,442,20240610,NA,
6/15/24,12:00,7,-103,28.315,NA,NA,28.7,36.2,8.937,414,20240610,NA,
6/15/24,12:00,8,-96.7,28.048,NA,NA,28.4,36.2,8.524,421,20240610,NA,
6/15/24,12:00,9,-106.8,28.829,NA,NA,29.1,36.2,10.677,426,20240610,NA,
6/15/24,12:00,10,-101.7,28.005,NA,NA,28.3,36.2,8.307,501,20240610,NA,
6/15/24,12:00,11,-96.4,27.999,NA,NA,28.4,36.1,8.727,514,20240610,NA,
6/15/24,12:00,12,-106.6,28.389,NA,NA,29.1,36.2,9.846,442,20240610,NA,
6/15/24,12:00,13,-109.1,28.362,NA,NA,29,36.2,10,479,20240610,NA,
6/15/24,12:00,14,-100.8,28.193,NA,NA,28.6,36.2,9.112,501,20240610,NA,
6/15/24,12:00,15,-96.9,28.467,NA,NA,29.1,36.2,9.343,438,20240610,NA,
6/15/24,12:00,16,-104.8,28.491,NA,NA,28.9,36.2,9.114,484,20240610,NA,
6/15/24,12:00,Inflow1,-94.7,29.64,NA,NA,29,36.4,9.116,NA,20240610,NA,
6/15/24,12:00,Inflow2,-95.8,28.469,NA,NA,29,36.4,8.56,NA,20240610,NA,
6/15/24,21:00,1,-92.8,26.429,NA,NA,27.6,36.1,7.621,NA,20240610,NA,
6/15/24,21:00,2,-93.6,26.694,NA,NA,28.1,36.3,7.076,NA,20240610,NA,
6/15/24,21:00,3,-96.3,26.95,NA,NA,28.1,36.2,8.276,NA,20240610,NA,
6/15/24,21:00,4,-80.1,26.781,NA,NA,28.2,36.2,6.121,NA,20240610,NA,
6/15/24,21:00,5,-89,27.054,NA,NA,28.1,36.2,7.639,NA,20240610,NA,
6/15/24,21:00,6,-95,26.691,NA,NA,27.8,36.2,7.471,NA,20240610,NA,
6/15/24,21:00,7,-91.9,26.619,NA,NA,27.8,36.2,7.336,NA,20240610,NA,
6/15/24,21:00,8,-96,26.513,NA,NA,27.8,36.2,8.3,NA,20240610,NA,
6/15/24,21:00,9,-89.4,26.662,NA,NA,27.8,36.2,9.246,NA,20240610,NA,
6/15/24,21:00,10,-93.6,26.459,NA,NA,27.6,36.2,8.203,NA,20240610,NA,
6/15/24,21:00,11,-96.1,26.654,NA,NA,27.7,36.2,7.676,NA,20240610,NA,
6/15/24,21:00,12,-90.7,26.431,NA,NA,27.7,36.3,6.166,NA,20240610,NA,
6/15/24,21:00,13,-88.7,26.542,NA,NA,27.8,36.2,6.796,NA,20240610,NA,
6/15/24,21:00,14,-92.8,26.564,NA,NA,27.7,36.2,5.482,NA,20240610,NA,
6/15/24,21:00,15,-95.9,26.781,NA,NA,27.8,36.2,7.363,NA,20240610,NA,
6/15/24,21:00,16,-89.5,26.519,NA,NA,27.8,36.2,7.059,NA,20240610,NA,
6/15/24,21:00,Inflow1,-97,25.686,NA,NA,27.5,36.4,6.647,NA,20240610,NA,
6/15/24,21:00,Inflow2,-96.7,25.723,NA,NA,27.5,36.4,8.133,NA,20240610,NA,
6/16/24,12:00,1,-96.1,28.104,122,234,28.1,36,8.139,374,20240610,2357.963,
6/16/24,12:00,2,-106.7,29.333,0,22,30.2,36.2,8.783,419,20240610,2281.888,
6/16/24,12:00,3,-97.3,28.982,28,0,29.3,36.3,8.356,390,20240610,2359.21,
6/16/24,12:00,4,-100.3,28.482,38,0,29.2,36.2,7.836,360,20240610,2345.46,
6/16/24,12:00,5,-101.8,28.998,34,6,30,36.2,9.444,437,20240610,2217.519,
6/16/24,12:00,6,-96.5,28.1,264,154,28.3,36.2,7.816,404,20240610,2339.006,
6/16/24,12:00,7,-104.8,28.594,44,0,29,36.2,8.289,382,20240610,2299.68,
6/16/24,12:00,8,-96.8,27.986,200,222,28.2,36.2,7.799,417,20240610,2354.456,
6/16/24,12:00,9,-104.5,28.274,8,68,29.4,36.2,10.198,434,20240610,2234.84,
6/16/24,12:00,10,-94.1,27.817,320,188,28.1,36.1,8.142,474,20240610,2345.282,
6/16/24,12:00,11,-95.7,28,330,410,28.1,36.1,8.065,479,20240610,2356.948,
6/16/24,12:00,12,-106.8,28.347,40,12,29.4,36.2,10.319,408,20240610,2274.635,
6/16/24,12:00,13,-99.5,27.903,86,140,28.4,36.2,9.029,415,20240610,2349.263,
6/16/24,12:00,14,-106.4,28.094,54,30,29,36.1,9.07,437,20240610,2306.878,
6/16/24,12:00,15,-97.1,27.856,82,86,28.6,36.1,9.163,397,20240610,2357.934,
6/16/24,12:00,16,-96.3,27.632,232,220,28.2,36.2,8.224,454,20240610,2333.479,
6/16/24,12:00,Inflow1,-94.7,30.805,NA,NA,29,36.4,9.043,NA,20240610,2361.208,Bottles were in sun
6/16/24,12:00,Inflow2,-95.5,30.207,NA,NA,29,36.4,8.324,NA,20240610,2359.208,Bottles were in sun
6/16/24,21:00,1,-93.3,24.01,218,100,27.7,36.1,,NA,20240610,2359.093,
6/16/24,21:00,2,-93.8,24.051,20,5,28.2,36.3,,NA,20240610,2328.172,
6/16/24,21:00,3,-95.7,24.378,0,38,28.1,36.2,,NA,20240610,2359.503,
6/16/24,21:00,4,-85.5,24.454,0,60,28.1,36.2,,NA,20240610,2377.739,
6/16/24,21:00,5,-90,24.184,1,32,28,36.2,,NA,20240610,2328.865,
6/16/24,21:00,6,-95.9,23.948,122,268,27.8,36.2,,NA,20240610,2352.745,
6/16/24,21:00,7,-89.9,24.166,0,46,27.9,36.2,,NA,20240610,2364.298,
6/16/24,21:00,8,-97.1,24.484,172,210,27.8,36.1,,NA,20240610,2354.95,
6/16/24,21:00,9,-90.3,24.22,56,4,28,36.2,,NA,20240610,2335.087,
6/16/24,21:00,10,-95.8,23.932,142,258,27.6,36.2,,NA,20240610,2351.796,
6/16/24,21:00,11,-97.4,23.605,438,292,27.7,36.2,,NA,20240610,2357.732,
6/16/24,21:00,12,-91.2,23.977,10,38,27.7,36.2,,NA,20240610,2352.298,
6/16/24,21:00,13,-93.5,24.179,120,59,27.8,36.2,,NA,20240610,,
6/16/24,21:00,14,-90.4,24.056,56,36,27.8,36.1,,NA,20240610,,
6/16/24,21:00,15,-97,23.807,126,6,27.8,36.2,,NA,20240610,,
6/16/24,21:00,16,-96.2,23.469,148,205,27.8,36.2,,NA,20240610,,
6/16/24,21:00,Inflow1,-97,23.949,NA,NA,28,36.4,,NA,20240610,2354.991,
6/16/24,21:00,Inflow2,-97.3,24.022,NA,NA,28,36.4,,NA,20240610,2354.242,
6/17/24,21:00,1,-93.7,26.588,NA,NA,27.4,36.2,7.311,NA,20240610,NA,
6/17/24,21:00,2,-95.6,26.892,NA,NA,27.5,36,6.997,NA,20240610,,
6/17/24,21:00,3,-96.1,26.672,NA,NA,27.4,36.2,7.593,NA,20240610,,
6/17/24,21:00,4,-92.6,26.799,NA,NA,27.5,36.3,6.073,NA,20240610,,
6/17/24,21:00,5,-95.4,26.68,NA,NA,27.5,36,7.16,NA,20240610,,
6/17/24,21:00,6,-93.4,26.719,NA,NA,27.3,36.1,6.942,NA,20240610,,
6/17/24,21:00,7,-90.6,26.848,NA,NA,27.4,36.1,6.67,NA,20240610,,
6/17/24,21:00,8,-95.9,26.754,NA,NA,27.3,36.2,7.562,NA,20240610,,
6/17/24,21:00,9,-90.3,26.408,NA,NA,27,36.4,7.302,NA,20240610,,
6/17/24,21:00,10,-90.7,26.751,NA,NA,27.3,36.2,7.316,NA,20240610,,
6/17/24,21:00,11,-95.3,26.683,NA,NA,27.5,36.2,7.111,NA,20240610,,
6/17/24,21:00,12,-100.8,26.615,NA,NA,27.2,36.4,6.645,NA,20240610,,
6/17/24,21:00,13,-94.7,26.882,NA,NA,27.6,36.1,7.231,NA,20240610,,
6/17/24,21:00,14,-95.2,26.877,NA,NA,27.4,36.1,5.884,NA,20240610,,
6/17/24,21:00,15,-95.9,26.889,NA,NA,27.5,36.1,7.102,NA,20240610,,
6/17/24,21:00,16,-94.5,26.884,NA,NA,27.5,36.1,6.761,NA,20240610,,
6/17/24,21:00,Inflow1,-94,26.169,NA,NA,28,36.4,6.226,NA,20240610,,
6/17/24,21:00,Inflow2,-95.7,26.74,NA,NA,28,36.4,7.584,NA,20240610,,
6/18/24,12:00,1,-101.4,27.383,NA,NA,27.7,36.2,8.963,451,20240610,,
6/18/24,12:00,2,-95.8,27.544,NA,NA,27.6,36.1,7.665,484,20240610,,
6/18/24,12:00,3,-95.8,27.409,NA,NA,27.7,36.5,8.29,439,20240610,,
6/18/24,12:00,4,-110.7,27.83,NA,NA,28.6,36.3,8.504,430,20240610,,
6/18/24,12:00,5,-96.8,27.531,NA,NA,27.7,36.1,8.078,414,20240610,,
6/18/24,12:00,6,-98.3,27.436,NA,NA,27.5,36.2,7.923,410,20240610,,
6/18/24,12:00,7,-103.1,27.712,NA,NA,28.1,36.1,8.088,523,20240610,,
6/18/24,12:00,8,-96.6,27.534,NA,NA,27.9,36.2,8.298,450,20240610,,
6/18/24,12:00,9,-98.3,27.459,NA,NA,27.6,36.2,10.554,495,20240610,,
6/18/24,12:00,10,-101.1,27.845,NA,NA,28.4,36.2,8.627,357,20240610,,
6/18/24,12:00,11,-96,27.425,NA,NA,27.8,36.2,8.542,397,20240610,,
6/18/24,12:00,12,-102.8,27.495,NA,NA,27.9,36.2,8.552,308,20240610,,
6/18/24,12:00,13,-97.5,27.568,NA,NA,27.8,36.1,8.287,460,20240610,,
6/18/24,12:00,14,-98.1,27.441,NA,NA,27.6,36.1,8.374,516,20240610,,
6/18/24,12:00,15,-95.6,27.581,NA,NA,27.7,36.1,8.026,514,20240610,,
6/18/24,12:00,16,-97.8,27.462,NA,NA,27.7,36.1,8.385,455,20240610,,
6/18/24,12:00,Inflow1,-94,29.232,NA,NA,29,36.4,8.047,NA,20240610,,
6/18/24,12:00,Inflow2,-95.2,28.875,NA,NA,29,36.4,8.163,NA,20240610,,
6/18/24,21:00,1,-86.8,25.918,NA,NA,26.6,36.1,,NA,20240610,,
6/18/24,21:00,2,-90.2,26.12,NA,NA,26.9,36.1,,NA,20240610,,
6/18/24,21:00,3,-91.1,25.845,NA,NA,26.5,36.4,,NA,20240610,,
6/18/24,21:00,4,-92.5,25.941,NA,NA,26.7,36.4,,NA,20240610,,
6/18/24,21:00,5,-90.5,25.981,NA,NA,26.8,36.1,,NA,20240610,,
6/18/24,21:00,6,-88.8,25.685,NA,NA,26.6,36.2,,NA,20240610,,
6/18/24,21:00,7,-85.5,25.902,NA,NA,26.6,36.2,,NA,20240610,,
6/18/24,21:00,8,-91.5,25.773,NA,NA,26.5,36.3,,NA,20240610,,
6/18/24,21:00,9,-90.6,26.107,NA,NA,26.9,36.1,,NA,20240610,,
6/18/24,21:00,10,-85.4,26.025,NA,NA,26.6,36.3,,NA,20240610,,
6/18/24,21:00,11,-91.6,26.18,NA,NA,26.7,36.3,,NA,20240610,,
6/18/24,21:00,12,-87.3,26.171,NA,NA,26.6,36.2,,NA,20240610,,
6/18/24,21:00,13,-90.2,26.341,NA,NA,26.9,36.1,,NA,20240610,,
6/18/24,21:00,14,-90.8,26.131,NA,NA,26.8,36.1,,NA,20240610,,
6/18/24,21:00,15,-92.3,26.284,NA,NA,26.9,36.1,,NA,20240610,,
6/18/24,21:00,16,-89.8,26.131,NA,NA,26.8,36.2,,NA,20240610,,
6/18/24,21:00,Inflow1,-91.3,25.625,NA,NA,27,36.4,,NA,20240610,,
6/18/24,21:00,Inflow2,-90.7,25.922,NA,NA,27,36.4,,NA,20240610,,
6/19/24,12:00,1,-103.8,27.926,NA,NA,28,36.4,,516,20240619,,
6/19/24,12:00,2,-95,27.64,NA,NA,27.6,36.1,,579,20240619,,
6/19/24,12:00,3,-95,27.949,NA,NA,28.2,36.4,,197,20240619,,
6/19/24,12:00,4,-120.8,27.812,NA,NA,28.6,36.4,,291,20240619,,
6/19/24,12:00,5,-96.9,27.575,NA,NA,27.7,36.2,,241,20240619,,
6/19/24,12:00,6,-99.1,27.557,NA,NA,27.5,36.1,,224,20240619,,
6/19/24,12:00,7,-103.9,27.753,NA,NA,28.2,36.1,,512,20240619,,
6/19/24,12:00,8,-97.7,27.817,NA,NA,28.3,36.3,,551,20240619,,
6/19/24,12:00,9,-97.5,27.423,NA,NA,27.8,36.1,,255,20240619,,
6/19/24,12:00,10,-107.1,27.823,NA,NA,28.5,36.3,,253,20240619,,
6/19/24,12:00,11,-98,27.53,NA,NA,28.1,36.2,,189,20240619,,
6/19/24,12:00,12,-109.9,27.651,NA,NA,28.1,36.3,,204,20240619,,
6/19/24,12:00,13,-98.3,27.4,NA,NA,27.8,36.1,,210,20240619,,
6/19/24,12:00,14,-98.6,27.446,NA,NA,27.6,36.2,,310,20240619,,
6/19/24,12:00,15,-95.5,27.266,NA,NA,27.7,36.1,,448,20240619,,
6/19/24,12:00,16,-100.4,27.266,NA,NA,27.9,36.1,,281,20240619,,
6/19/24,12:00,Inflow1,-94.9,27.857,NA,NA,29,36.4,,NA,20240619,,
6/19/24,12:00,Inflow2,-94.3,26.991,NA,NA,29,36.4,,NA,20240619,,
6/19/24,21:00,1,-88.7,26.086,NA,NA,26.8,36.4,,NA,20240619,,
6/19/24,21:00,2,-93.9,26.287,NA,NA,27.2,36.1,,NA,20240619,,
6/19/24,21:00,3,-94.3,26.358,NA,NA,27,36.4,,NA,20240619,,
6/19/24,21:00,4,-94.2,26.344,NA,NA,27,36.4,,NA,20240619,,
6/19/24,21:00,5,-94.5,26.19,NA,NA,27.1,36.2,,NA,20240619,,
6/19/24,21:00,6,-90.7,26.041,NA,NA,26.8,36.2,,NA,20240619,,
6/19/24,21:00,7,-87.3,26.194,NA,NA,26.9,36.2,,NA,20240619,,
6/19/24,21:00,8,-95.6,25.949,NA,NA,26.8,36.3,,NA,20240619,,
6/19/24,21:00,9,-93.4,26.096,NA,NA,27,36.2,,NA,20240619,,
6/19/24,21:00,10,-88.7,26.055,NA,NA,26.9,36.3,,NA,20240619,,
6/19/24,21:00,11,-96.3,26.127,NA,NA,27.1,36.2,,NA,20240619,,
6/19/24,21:00,12,-90.1,26.103,NA,NA,26.9,36.2,,NA,20240619,,
6/19/24,21:00,13,-95.2,26.147,NA,NA,27.2,36.1,,NA,20240619,,
6/19/24,21:00,14,-95.1,26.409,NA,NA,27,36.2,,NA,20240619,,
6/19/24,21:00,15,-97.2,26.405,NA,NA,27.1,36.1,,NA,20240619,,
6/19/24,21:00,16,-92.5,26.245,NA,NA,26.9,36.2,,NA,20240619,,
6/19/24,21:00,Inflow1,-94.1,25.543,NA,NA,NA,NA,,NA,20240619,,
6/19/24,21:00,Inflow2,-94.1,26.132,NA,NA,NA,NA,,NA,20240619,,
6/20/24,12:00,1,-109,26.8,30,44,28,36.3,,380,20240619,,
6/20/24,12:00,2,-97.2,26.658,328,304,27.7,36.2,,413,20240619,,
6/20/24,12:00,3,-96.2,26.965,14,0,28.3,36.4,,330,20240619,,
6/20/24,12:00,4,-116.4,26.984,14,0,28.6,36.4,,376,20240619,,
6/20/24,12:00,5,-98.7,26.833,200,142,27.8,36.1,,390,20240619,,
6/20/24,12:00,6,-102.4,26.908,46,50,27.6,36.2,,362,20240619,,
6/20/24,12:00,7,-102.4,27.022,98,0,28.2,36.2,,420,20240619,,
6/20/24,12:00,8,-98.7,26.98,20,0,28.3,36.3,,390,20240619,,
6/20/24,12:00,9,-101.1,26.833,80,48,28,36.2,,350,20240619,,
6/20/24,12:00,10,-105.7,26.973,0,22,28.6,36.3,,391,20240619,,
6/20/24,12:00,11,-98.3,26.97,30,30,28.1,36.2,,344,20240619,,
6/20/24,12:00,12,-108.2,26.944,30,8,28.2,36.3,,360,20240619,,
6/20/24,12:00,13,-99.6,26.867,98,230,27.9,36.2,,385,20240619,,
6/20/24,12:00,14,-101.7,26.92,240,6,27.8,36.2,,427,20240619,,
6/20/24,12:00,15,-96.7,26.922,158,352,27.9,36.2,,417,20240619,,
6/20/24,12:00,16,-104.9,26.886,70,6,28.2,36.2,,397,20240619,,
6/20/24,12:00,Inflow1,-98.5,26.613,NA,NA,28,36.4,,NA,20240619,,
6/20/24,12:00,Inflow2,-97.5,26.215,NA,NA,28,36.4,,NA,20240619,,