CORAL_NUM,GENOTYPE,TREATMENT,TANK_NUM,CORAL_TANK_NUM,endo_per_cm2,initial_endo,chla_ug_cm2,initial_chla,mean_tissue_biomass,initial_biomass,GP,R,TA_rangemean,TA_rangese,TA_mean,TA_se,deltaTA_rangemean,deltaTA_rangese,deltaTA_mean,deltaTA_se,pH_rangemean,pH_rangese,pH_mean,pH_se,deltapH_rangemean,deltapH_rangese,deltapH_mean,deltapH_se,DOC_rangemean,DOC_rangese,DOC_mean,DOC_se,deltaDOC_rangemean,deltaDOC_rangese,deltaDOC_mean,deltaDOC_se,NEC_rangemean,NEC_rangese,NEC_mean,NEC_se,NEP_rangemean,NEP_rangese,NEP_mean,NEP_se
1,T,Coral_Dom,7,13,NA,NA,0.966409220552346,2.6068875866388836,NA,NA,1.878661130893464,0.7813351310947251,-38.25728749999996,9.479826113314315,2337.2699858333335,5.329693311919227,6.078611666666651,17.289633098546005,19.04962050000008,6.08823184919698,0.128302499400862,0.02865990582683043,8.040484016124932,0.00863246884385451,0.12702650133257018,0.02072973059072602,0.01583562970643524,0.01216091425507895,47.67381032,9.212051045299305,120.077097918,6.431927351485686,65.29525062666667,18.248095215431142,3.0412465679999983,1.4864309796175093,0.14159250947037055,0.01612160726059417,0.20089535658296265,0.09982191071577068,1.2105286415272682,0.02678363986039045,0.4342322402878755,0.3013846334207695
2,M,Algae_Dom,13,25,NA,NA,2.9593391835382663,1.9852306702236393,NA,NA,2.8227652773630454,0.9158293506496428,-11.891019250000111,2.9461093606593254,2353.64744875,4.1835143092566165,6.195127500000126,5.507386901968648,0.8727708999999777,3.0338582613597924,0.10345470335656903,0.02389022527847623,8.05405603436128,0.00710281272727118,0.12629423316291769,0.02943994428879893,0.03286303678712423,0.00694585681104479,12.8571121275,8.759649832785266,114.140655155,7.32139890135759,-1.5579858400000006,3.879367350143281,5.3328317149999975,8.712253894811726,0.0434338047355577,0.08039417562614319,-0.1832296273364459,0.1241053621274552,1.1817328546517634,0.4089706357572784,1.235317391609184,0.2886671374969016
6,J,Algae_Dom,1,2,0.26861837072917866,NA,1.6561909428698578,3.348934546436245,6.52507023267338,NA,2.8960114018764544,0.8359549845507079,-6.867349999999836,7.650768783337689,2350.6033318333334,6.122511415651176,7.346999999999753,NA,0.7097853999999639,5.094622258224965,0.14051438567964353,0.03658297082833405,8.039743713602704,0.01386401197262298,0.16132434129634987,0.02678453936040306,0.02299359709069308,0.01586361439162662,75.70633776666665,26.77976827239823,162.42704423,10.986427973099298,-5.078804799999986,NA,40.1745943325,6.517376793893381,0.14940132740740236,NA,-0.45387977527467327,0.3055778740169523,2.0430026863129673,NA,1.854818446281256,0.5693866173500719
8,J,Coral_Dom,6,11,0.16809013129626896,NA,1.3073809374918612,3.348934546436245,9.26149276202012,NA,2.0447342444637653,0.5238547612253205,-17.53995799999999,9.307840929544568,2318.9113488333332,5.52976404833138,10.814999999999827,2.7895362517809654,37.13428000000008,6.6047313319080105,0.1233789161084924,0.02477934965054057,8.044577585126033,0.00884471276763014,0.1332745516512785,0.02392756425834009,0.01966721087384648,0.01020699996518697,50.95618443666667,5.330094015291491,115.650420031,10.265755136793755,80.603128895,2.3755283727180823,0.8608990229999989,6.239621214151129,0.1580907155555541,0.11291375081272932,0.26680915336296457,0.03968994532819318,1.182486134184929,0.10169566979615095,0.3218269623092251,0.16422871592796662
10,G,Coral_Dom,9,17,0.6419405977860237,1.2966341787360331,3.402736479094264,3.9943344322871286,18.96813626348229,20.604581266136258,4.113936260845545,1.2271126432996622,-52.5825329999999,8.599539281406189,2313.8824276,7.507661507081915,71.34999500000004,12.414675525059137,40.41563759999999,9.985330806540269,0.10735222361691454,0.02700194855049786,8.052154246251016,0.01397714635427021,0.11313731496543608,0.02700670038315562,0.02103431260169316,0.00532530631601658,35.367075477499995,14.078282030790294,124.865744715,7.326160831024343,-6.495250124999991,14.205703825091677,-5.198229493749994,4.789218690879116,0.4183760618659263,0.03268143112950684,0.21834416788873973,0.06313751790355808,1.4133184493161637,0.16228964882419253,0.7591568793196554,0.09911366309776612
11,M,Control,3,6,0.7400478135083739,NA,2.6531761712440636,1.9852306702236393,14.22286560369472,NA,NA,0.6559079810162786,-2.858282333333439,1.9677390386897025,2362.150777416666,4.560247043081181,-25.875999999999976,11.007884816121576,-5.652188199999955,2.0804366805447057,-0.00121096750978955,0.00993593122391872,8.032022537102531,0.00527152376806161,0.01526276278930415,0.00730690448902268,5.317609645749378e-4,0.00430993734000865,-14.435507986666664,9.645972322632185,141.46240436600002,10.73139811343327,10.324127645000004,15.306998195643828,21.111175881,12.478003913235169,-0.15462490962962971,0.05896021647385395,-0.01404778976533373,0.01640350436296027,-0.15886931730997098,0.11046470061318904,-0.14337634552002418,0.05195904408801308
13,U,Rubble_Dom,5,9,0.7423689095274956,0.7774960435906315,2.6292232212432136,3.3472984457422785,NA,NA,3.647590325986082,1.2365280188247727,-44.33148566666675,14.509070482136355,2334.0342219166664,8.451973053333994,36.750499999999874,28.12923808568676,26.31598100000024,8.598002441685068,0.08540176481748218,0.02963033246310295,8.031325593128724,0.01226805851916977,0.13133979040554955,0.02556712523015156,0.00245554225265731,0.01145221900792155,29.78723085666667,3.1864267016891037,109.344693877,7.331964906550172,64.17194671,0.4783436978675584,-8.509276767999996,6.7714269167977745,-0.03216030888888949,0.11509764984453266,0.21131853599704056,0.05795521570106089,0.6019140543672764,0.08973781358364165,1.0424400073218316,0.4409147116320158
14,B,Control,3,6,0.295244959777778,NA,0.783839228152319,2.3352212070332388,6.23791496031664,NA,NA,0.5174635390194469,-2.858282333333439,1.9677390386897025,2362.150777416666,4.560247043081181,-25.875999999999976,11.007884816121576,-5.652188199999955,2.0804366805447057,-0.00121096750978955,0.00993593122391872,8.032022537102531,0.00527152376806161,0.01526276278930415,0.00730690448902268,5.317609645749378e-4,0.00430993734000865,-14.435507986666664,9.645972322632185,141.46240436600002,10.73139811343327,10.324127645000004,15.306998195643828,21.111175881,12.478003913235169,-0.15462490962962971,0.05896021647385395,-0.01404778976533373,0.01640350436296027,-0.15886931730997098,0.11046470061318904,-0.14337634552002418,0.05195904408801308
15,V,Control,8,16,0.4350829678371022,1.1013906315562203,2.446872815243981,4.853278907676657,4.826021228321798,18.589412358939818,2.154532065612647,1.0707067172768638,13.00183125000001,6.282447987453245,2360.8049255833334,3.995816636886597,-10.131273000000192,5.954642724447541,-10.06595739999998,3.7289655769925054,0.00163887305091026,0.00859767261515061,8.043899387464494,0.00714110054196437,0.01440509720659674,0.01061093827534867,0.02113491102617925,0.00331397159779183,69.72347803333334,13.588797623883677,160.66979863,21.184125405555072,66.80813770500001,10.920586507164032,7.343105165000002,8.332345273740778,0.06999389820444177,0.0361070096541452,-0.22109143421866645,0.11966853038201448,0.4487296443853797,0.19157691070651328,-0.02199722013113503,0.1272127267731978
16,B,Algae_Dom,4,7,0.24838053913465136,NA,1.3158337360905643,2.3352212070332388,5.100287653348851,NA,2.573266989131086,0.9016583513506272,-7.658493333333202,7.371878133022359,2357.3381965,10.255023948725537,-0.3195000000002892,13.281056340941095,-2.9246895999999185,10.233291795210436,0.17843662649315728,0.04092638884283094,8.060288888668053,0.02874335345486549,0.1693738588133758,0.03301582655182718,0.00139019427599881,0.02287345473438877,76.59443476666667,17.615575175586322,180.91056307,14.504750115633714,126.928488725,19.678323612454587,64.547445195,13.219657285375275,0.11736593185185136,NA,0.06223084206814869,0.13552288912111837,0.4371533793056251,0.26837369482029694,0.7430588453070825,0.3374188145272899
18,V,Rubble_Dom,2,4,0.42693319013448566,1.1013906315562203,2.3427767530318913,4.853278907676657,19.614721345377156,18.589412358939818,2.7725621251394053,1.0188167783406563,-37.148260000000086,11.017106096097791,2316.6510155,13.290951292511922,-6.561500000000024,20.439451840283056,41.34258880000002,14.994889908162111,0.11193907232337874,0.02328801882883491,8.039721699120623,0.01199934164332615,0.12571827140188516,0.02602743005600957,0.00898795254808187,0.00741816902146627,-29.256190136666667,16.880152280822994,154.67587669875002,5.11107561665884,-24.81341868000002,9.595529523298367,31.53090063,12.679485057306913,-0.14331480148148165,0.07320303624648385,0.3485063846293334,0.12863564721912657,0.4528774458456849,0.01812729753982893,1.00986907012948,0.3024315548655175
19,L,Rubble_Dom,10,20,0.3282352246726337,NA,1.5315003494301955,0.6630181678932228,4.748489232518398,NA,4.250133118678786,1.23265946,-37.889917500000024,10.853107280222892,2261.57038,19.908371743852832,27.91333899999995,5.367767430586558,77.04462600000002,20.714257829431897,0.11842473202967813,0.02686688006726498,8.056944066354125,0.01170795995873915,0.11166399917829796,0.02034856408816702,0.03767749307248846,0.01300182277773068,28.7021849925,7.726821340000175,118.073467815,9.564805971812046,-0.904401969999988,13.62138859188647,1.9068934175000043,7.19307539682167,0.21267174294073785,0.07110629206168843,0.901525289645334,0.4028556627066591,0.2437169567065586,0.02727357864717102,1.7581908027459858,0.7821763949332085
21,N,Control,11,22,0.8826733423473712,0.929447095142448,4.0737572574350915,4.720371652834108,13.008187299068885,21.819632953485694,3.1954009109022934,1.4106826411603846,-0.2286624999999276,3.856157785195322,2362.2460446666664,3.1657591098945037,-9.005422499999895,5.659124946143501,-8.606094300000041,2.65806458120071,0.00138197225570541,0.00883910906908198,8.044242640025107,0.00698180286885254,0.01387326705728472,0.01035717890600616,0.02142606388012697,0.00359721881744813,24.6112147325,13.881239485471358,141.673604927,8.6279825699666,16.621637295,12.76846501683891,35.25302784875,13.700164055901356,0.11228575423630088,0.0709692413458248,-0.06388764039985172,0.03291275224472614,0.04839010575381972,0.10477141564016576,0.02293832848437495,0.05147977738949949
25,M,Rubble_Dom,5,9,0.41357412658628456,NA,1.727289035537792,1.9852306702236393,15.877491089107904,NA,4.103948629066411,1.2471918606237469,-44.33148566666675,14.509070482136355,2334.0342219166664,8.451973053333994,36.750499999999874,28.12923808568676,26.31598100000024,8.598002441685068,0.08540176481748218,0.02963033246310295,8.031325593128724,0.01226805851916977,0.13133979040554955,0.02556712523015156,0.00245554225265731,0.01145221900792155,29.78723085666667,3.1864267016891037,109.344693877,7.331964906550172,64.17194671,0.4783436978675584,-8.509276767999996,6.7714269167977745,-0.03216030888888949,0.11509764984453266,0.21131853599704056,0.05795521570106089,0.6019140543672764,0.08973781358364165,1.0424400073218316,0.4409147116320158
27,I,Coral_Dom,9,18,0.43836789474510657,NA,2.2476368573206105,NA,10.346534706371791,NA,3.2891390444199624,1.1806950536913157,-52.5825329999999,8.599539281406189,2313.8824276,7.507661507081915,71.34999500000004,12.414675525059137,40.41563759999999,9.985330806540269,0.10735222361691454,0.02700194855049786,8.052154246251016,0.01397714635427021,0.11313731496543608,0.02700670038315562,0.02103431260169316,0.00532530631601658,35.367075477499995,14.078282030790294,124.865744715,7.326160831024343,-6.495250124999991,14.205703825091677,-5.198229493749994,4.789218690879116,0.4183760618659263,0.03268143112950684,0.21834416788873973,0.06313751790355808,1.4133184493161637,0.16228964882419253,0.7591568793196554,0.09911366309776612
28,P,Control,3,5,0.1682118258669598,NA,1.3097203953610503,1.4487552255999607,2.413782124736522,NA,1.3582757214568808,1.1650337377933446,-2.858282333333439,1.9677390386897025,2362.150777416666,4.560247043081181,-25.875999999999976,11.007884816121576,-5.652188199999955,2.0804366805447057,-0.00121096750978955,0.00993593122391872,8.032022537102531,0.00527152376806161,0.01526276278930415,0.00730690448902268,5.317609645749378e-4,0.00430993734000865,-14.435507986666664,9.645972322632185,141.46240436600002,10.73139811343327,10.324127645000004,15.306998195643828,21.111175881,12.478003913235169,-0.15462490962962971,0.05896021647385395,-0.01404778976533373,0.01640350436296027,-0.15886931730997098,0.11046470061318904,-0.14337634552002418,0.05195904408801308
33,F,Control,15,30,0.4464649726217026,0.8233524278308041,2.1463249848965913,3.2951648175803965,3.127974786427072,20.00443690979766,6.597576931861302,1.915090069482236,-4.75295349999999,1.6541468635847032,2359.648372714286,3.188702808483749,-6.769403999999895,5.2026819200511545,-1.8317256666667088,2.376878253633735,-0.00642233636938099,0.00564635698241541,8.04040327024681,0.00656434968870687,0.01191692462364611,0.01057947893762761,0.01562762303353128,0.00263404943678476,74.4311885725,37.95056607895719,148.14463757444446,11.573658698897306,NA,NA,47.240585476000014,13.924038258365435,-0.31087582459258867,0.13218267336416736,0.01861002168394894,0.02868859325840881,0.4614160039639533,NA,0.43089995504325207,0.08065858150738428
36,W,Rubble_Dom,12,23,0.5083036131912647,1.1932564592199246,3.3517720372422777,8.171761566146001,7.341790385314568,44.85290236784113,2.945230983727906,1.6417078540203192,-49.688891749999925,9.931344599266522,2306.01740575,11.733118850647712,64.7374034999998,6.767929897333883,54.9657287,10.91533832520424,0.15679212354598593,0.02665265182378652,8.05987093476518,0.01160574222701156,0.1548913819135806,0.02403687437898346,0.04687878548527451,0.01597084280834628,8.390261732500008,19.33232921359641,129.195564507,5.668837625043385,-25.436694009999982,21.71275616496957,19.312033565,3.7091182145936687,0.1860625830711105,0.02811748226626751,0.5854084028601474,0.26732823557826063,1.0488047272968335,0.12941673330543454,1.3231509584418375,0.5209307095999652
37,C,Control,8,16,0.4953709075069171,NA,2.8205744887334654,9.37759385697352,11.366085643868766,NA,2.9457974679711145,1.5248276387535833,13.00183125000001,6.282447987453245,2360.8049255833334,3.995816636886597,-10.131273000000192,5.954642724447541,-10.06595739999998,3.7289655769925054,0.00163887305091026,0.00859767261515061,8.043899387464494,0.00714110054196437,0.01440509720659674,0.01061093827534867,0.02113491102617925,0.00331397159779183,69.72347803333334,13.588797623883677,160.66979863,21.184125405555072,66.80813770500001,10.920586507164032,7.343105165000002,8.332345273740778,0.06999389820444177,0.0361070096541452,-0.22109143421866645,0.11966853038201448,0.4487296443853797,0.19157691070651328,-0.02199722013113503,0.1272127267731978
38,I,Algae_Dom,13,26,0.5338868981458659,NA,3.4517521295309868,NA,6.913001353573273,NA,3.530216700029511,1.1813376401661122,-11.891019250000111,2.9461093606593254,2353.64744875,4.1835143092566165,6.195127500000126,5.507386901968648,0.8727708999999777,3.0338582613597924,0.10345470335656903,0.02389022527847623,8.05405603436128,0.00710281272727118,0.12629423316291769,0.02943994428879893,0.03286303678712423,0.00694585681104479,12.8571121275,8.759649832785266,114.140655155,7.32139890135759,-1.5579858400000006,3.879367350143281,5.3328317149999975,8.712253894811726,0.0434338047355577,0.08039417562614319,-0.1832296273364459,0.1241053621274552,1.1817328546517634,0.4089706357572784,1.235317391609184,0.2886671374969016
40,A,Coral_Dom,16,32,0.4971516232992774,0.8357502039027154,2.254493003340608,3.1814202195251218,6.924279397543775,16.17473459269022,2.9151505307930896,1.122894057,-99.88705699999991,20.014490436628044,2318.0905074166667,7.787770275456481,53.67026349999992,11.028512695645516,31.839105500000052,7.206062364142922,0.06461638644384607,0.0221329110107505,8.032965104067214,0.01030261825928323,0.07906867736056776,0.02297561906802945,0.01402740122069789,0.00799907681223261,22.67665497,7.7969475472821586,116.58651436638888,5.882365471741493,12.72823394000001,NA,5.537770478000002,5.526056324111243,0.5179937926311122,0.03776540854508323,0.6822476354755567,0.12955962277065597,1.3765644561131989,0.05257436943824343,1.3188676101833692,0.2333484363287023
41,B,Coral_Dom,16,31,0.2791232749510181,NA,0.6084385129194113,2.3352212070332388,4.619136597568775,NA,2.192125830961178,1.0541550761506746,-99.88705699999991,20.014490436628044,2318.0905074166667,7.787770275456481,53.67026349999992,11.028512695645516,31.839105500000052,7.206062364142922,0.06461638644384607,0.0221329110107505,8.032965104067214,0.01030261825928323,0.07906867736056776,0.02297561906802945,0.01402740122069789,0.00799907681223261,22.67665497,7.7969475472821586,116.58651436638888,5.882365471741493,12.72823394000001,NA,5.537770478000002,5.526056324111243,0.5179937926311122,0.03776540854508323,0.6822476354755567,0.12955962277065597,1.3765644561131989,0.05257436943824343,1.3188676101833692,0.2333484363287023
43,N,Coral_Dom,6,12,0.4736702256287747,0.929447095142448,2.035834007513066,4.720371652834108,3.3810457654364225,21.819632953485694,NA,0.9002415156522171,-17.53995799999999,9.307840929544568,2318.9113488333332,5.52976404833138,10.814999999999827,2.7895362517809654,37.13428000000008,6.6047313319080105,0.1233789161084924,0.02477934965054057,8.044577585126033,0.00884471276763014,0.1332745516512785,0.02392756425834009,0.01966721087384648,0.01020699996518697,50.95618443666667,5.330094015291491,115.650420031,10.265755136793755,80.603128895,2.3755283727180823,0.8608990229999989,6.239621214151129,0.1580907155555541,0.11291375081272932,0.26680915336296457,0.03968994532819318,1.182486134184929,0.10169566979615095,0.3218269623092251,0.16422871592796662
46,C,Algae_Dom,1,2,0.0458756698060527,NA,NA,NA,4.624930954821564,NA,0.720315866,0.8680700094125925,-6.867349999999836,7.650768783337689,2350.6033318333334,6.122511415651176,7.346999999999753,NA,0.7097853999999639,5.094622258224965,0.14051438567964353,0.03658297082833405,8.039743713602704,0.01386401197262298,0.16132434129634987,0.02678453936040306,0.02299359709069308,0.01586361439162662,75.70633776666665,26.77976827239823,162.42704423,10.986427973099298,-5.078804799999986,NA,40.1745943325,6.517376793893381,0.14940132740740236,NA,-0.45387977527467327,0.3055778740169523,2.0430026863129673,NA,1.854818446281256,0.5693866173500719
48,C,Coral_Dom,16,32,1.2449032838958043,NA,NA,NA,15.161450539177515,NA,NA,NA,-99.88705699999991,20.014490436628044,2318.0905074166667,7.787770275456481,53.67026349999992,11.028512695645516,31.839105500000052,7.206062364142922,0.06461638644384607,0.0221329110107505,8.032965104067214,0.01030261825928323,0.07906867736056776,0.02297561906802945,0.01402740122069789,0.00799907681223261,22.67665497,7.7969475472821586,116.58651436638888,5.882365471741493,12.72823394000001,NA,5.537770478000002,5.526056324111243,0.5179937926311122,0.03776540854508323,0.6822476354755567,0.12955962277065597,1.3765644561131989,0.05257436943824343,1.3188676101833692,0.2333484363287023
50,I,Rubble_Dom,12,24,0.47525488079853,NA,2.303236277619136,NA,13.809276478301062,NA,3.373669963847201,1.2826261618321468,-49.688891749999925,9.931344599266522,2306.01740575,11.733118850647712,64.7374034999998,6.767929897333883,54.9657287,10.91533832520424,0.15679212354598593,0.02665265182378652,8.05987093476518,0.01160574222701156,0.1548913819135806,0.02403687437898346,0.04687878548527451,0.01597084280834628,8.390261732500008,19.33232921359641,129.195564507,5.668837625043385,-25.436694009999982,21.71275616496957,19.312033565,3.7091182145936687,0.1860625830711105,0.02811748226626751,0.5854084028601474,0.26732823557826063,1.0488047272968335,0.12941673330543454,1.3231509584418375,0.5209307095999652
51,F,Coral_Dom,6,12,0.4054171108990126,0.8233524278308041,2.0987959719278844,3.2951648175803965,7.108839398544847,20.00443690979766,NA,0.9789651331944124,-17.53995799999999,9.307840929544568,2318.9113488333332,5.52976404833138,10.814999999999827,2.7895362517809654,37.13428000000008,6.6047313319080105,0.1233789161084924,0.02477934965054057,8.044577585126033,0.00884471276763014,0.1332745516512785,0.02392756425834009,0.01966721087384648,0.01020699996518697,50.95618443666667,5.330094015291491,115.650420031,10.265755136793755,80.603128895,2.3755283727180823,0.8608990229999989,6.239621214151129,0.1580907155555541,0.11291375081272932,0.26680915336296457,0.03968994532819318,1.182486134184929,0.10169566979615095,0.3218269623092251,0.16422871592796662
53,L,Algae_Dom,1,1,0.04024268674247371,NA,1.3347243101832114,0.6630181678932228,2.5112060671724175,NA,3.566105148,1.2041352980391882,-6.867349999999836,7.650768783337689,2350.6033318333334,6.122511415651176,7.346999999999753,NA,0.7097853999999639,5.094622258224965,0.14051438567964353,0.03658297082833405,8.039743713602704,0.01386401197262298,0.16132434129634987,0.02678453936040306,0.02299359709069308,0.01586361439162662,75.70633776666665,26.77976827239823,162.42704423,10.986427973099298,-5.078804799999986,NA,40.1745943325,6.517376793893381,0.14940132740740236,NA,-0.45387977527467327,0.3055778740169523,2.0430026863129673,NA,1.854818446281256,0.5693866173500719
56,A,Algae_Dom,14,28,0.7279005174175806,0.8357502039027154,2.5829272258384908,3.1814202195251218,13.573366159177391,16.17473459269022,3.4533337881893917,1.0643371276166425,-37.23851475000003,9.838256705246796,2348.4807134166667,2.7747523552205284,31.616544500000145,12.523934306130892,4.47387429999999,3.163742144953154,0.09974157971575288,0.02799338451716649,8.051934858764644,0.00772784596507454,0.09752090748550504,0.02086109552425618,0.02969704531428435,0.00568285870127489,38.453039077499994,12.664991054529663,124.460064781,4.796434802280476,-8.106313595000003,1.0667064279659453,3.4848267312500063,1.5191472756790436,0.14537345327111273,0.0717194705948682,-0.17164517101689158,0.15633222922318077,1.6569796663013192,0.255406858949607,0.7397980044825219,0.23966672179647763
58,A,Control,15,29,0.5140323785262101,0.8357502039027154,1.2958767058405285,3.1814202195251218,5.3496844074791206,16.17473459269022,4.36779785,1.197679842375734,-4.75295349999999,1.6541468635847032,2359.648372714286,3.188702808483749,-6.769403999999895,5.2026819200511545,-1.8317256666667088,2.376878253633735,-0.00642233636938099,0.00564635698241541,8.04040327024681,0.00656434968870687,0.01191692462364611,0.01057947893762761,0.01562762303353128,0.00263404943678476,74.4311885725,37.95056607895719,148.14463757444446,11.573658698897306,NA,NA,47.240585476000014,13.924038258365435,-0.31087582459258867,0.13218267336416736,0.01861002168394894,0.02868859325840881,0.4614160039639533,NA,0.43089995504325207,0.08065858150738428
59,K,Algae_Dom,4,7,0.4381844562153806,NA,2.2552897780835184,1.80734140855145,6.528822843323723,NA,2.465462083,0.6134208189823724,-7.658493333333202,7.371878133022359,2357.3381965,10.255023948725537,-0.3195000000002892,13.281056340941095,-2.9246895999999185,10.233291795210436,0.17843662649315728,0.04092638884283094,8.060288888668053,0.02874335345486549,0.1693738588133758,0.03301582655182718,0.00139019427599881,0.02287345473438877,76.59443476666667,17.615575175586322,180.91056307,14.504750115633714,126.928488725,19.678323612454587,64.547445195,13.219657285375275,0.11736593185185136,NA,0.06223084206814869,0.13552288912111837,0.4371533793056251,0.26837369482029694,0.7430588453070825,0.3374188145272899
60,J,Control,11,21,0.15072684365637615,NA,1.575040094902347,3.348934546436245,4.944918320792104,NA,2.2487703984174106,0.6923061280919196,-0.2286624999999276,3.856157785195322,2362.2460446666664,3.1657591098945037,-9.005422499999895,5.659124946143501,-8.606094300000041,2.65806458120071,0.00138197225570541,0.00883910906908198,8.044242640025107,0.00698180286885254,0.01387326705728472,0.01035717890600616,0.02142606388012697,0.00359721881744813,24.6112147325,13.881239485471358,141.673604927,8.6279825699666,16.621637295,12.76846501683891,35.25302784875,13.700164055901356,0.11228575423630088,0.0709692413458248,-0.06388764039985172,0.03291275224472614,0.04839010575381972,0.10477141564016576,0.02293832848437495,0.05147977738949949
62,R,Rubble_Dom,10,19,NA,1.023629316496247,NA,NA,NA,NA,NA,NA,-37.889917500000024,10.853107280222892,2261.57038,19.908371743852832,27.91333899999995,5.367767430586558,77.04462600000002,20.714257829431897,0.11842473202967813,0.02686688006726498,8.056944066354125,0.01170795995873915,0.11166399917829796,0.02034856408816702,0.03767749307248846,0.01300182277773068,28.7021849925,7.726821340000175,118.073467815,9.564805971812046,-0.904401969999988,13.62138859188647,1.9068934175000043,7.19307539682167,0.21267174294073785,0.07110629206168843,0.901525289645334,0.4028556627066591,0.2437169567065586,0.02727357864717102,1.7581908027459858,0.7821763949332085
63,E,Coral_Dom,9,17,NA,0.7448353656735333,1.6632531126864385,4.810672386557634,NA,NA,4.038182673694507,1.3249437294866224,-52.5825329999999,8.599539281406189,2313.8824276,7.507661507081915,71.34999500000004,12.414675525059137,40.41563759999999,9.985330806540269,0.10735222361691454,0.02700194855049786,8.052154246251016,0.01397714635427021,0.11313731496543608,0.02700670038315562,0.02103431260169316,0.00532530631601658,35.367075477499995,14.078282030790294,124.865744715,7.326160831024343,-6.495250124999991,14.205703825091677,-5.198229493749994,4.789218690879116,0.4183760618659263,0.03268143112950684,0.21834416788873973,0.06313751790355808,1.4133184493161637,0.16228964882419253,0.7591568793196554,0.09911366309776612
64,K,Control,11,22,0.4686758473872469,NA,2.8614139309460995,1.80734140855145,11.89559208337862,NA,1.6492236770000783,0.7933677431242823,-0.2286624999999276,3.856157785195322,2362.2460446666664,3.1657591098945037,-9.005422499999895,5.659124946143501,-8.606094300000041,2.65806458120071,0.00138197225570541,0.00883910906908198,8.044242640025107,0.00698180286885254,0.01387326705728472,0.01035717890600616,0.02142606388012697,0.00359721881744813,24.6112147325,13.881239485471358,141.673604927,8.6279825699666,16.621637295,12.76846501683891,35.25302784875,13.700164055901356,0.11228575423630088,0.0709692413458248,-0.06388764039985172,0.03291275224472614,0.04839010575381972,0.10477141564016576,0.02293832848437495,0.05147977738949949
65,D,Control,15,29,NA,0.8699065309034011,1.7717606568596944,3.99537034781274,NA,NA,NA,NA,-4.75295349999999,1.6541468635847032,2359.648372714286,3.188702808483749,-6.769403999999895,5.2026819200511545,-1.8317256666667088,2.376878253633735,-0.00642233636938099,0.00564635698241541,8.04040327024681,0.00656434968870687,0.01191692462364611,0.01057947893762761,0.01562762303353128,0.00263404943678476,74.4311885725,37.95056607895719,148.14463757444446,11.573658698897306,NA,NA,47.240585476000014,13.924038258365435,-0.31087582459258867,0.13218267336416736,0.01861002168394894,0.02868859325840881,0.4614160039639533,NA,0.43089995504325207,0.08065858150738428
66,R,Control,15,29,0.35907157063582346,1.023629316496247,1.5677839727826222,5.402623640764294,7.56995699785303,40.18635024072939,3.078419072,1.1014325838631571,-4.75295349999999,1.6541468635847032,2359.648372714286,3.188702808483749,-6.769403999999895,5.2026819200511545,-1.8317256666667088,2.376878253633735,-0.00642233636938099,0.00564635698241541,8.04040327024681,0.00656434968870687,0.01191692462364611,0.01057947893762761,0.01562762303353128,0.00263404943678476,74.4311885725,37.95056607895719,148.14463757444446,11.573658698897306,NA,NA,47.240585476000014,13.924038258365435,-0.31087582459258867,0.13218267336416736,0.01861002168394894,0.02868859325840881,0.4614160039639533,NA,0.43089995504325207,0.08065858150738428
68,F,Algae_Dom,1,1,0.362984736886018,0.8233524278308041,1.505470059512639,3.2951648175803965,4.844738775665258,20.00443690979766,2.6864674450255364,1.0628496247257828,-6.867349999999836,7.650768783337689,2350.6033318333334,6.122511415651176,7.346999999999753,NA,0.7097853999999639,5.094622258224965,0.14051438567964353,0.03658297082833405,8.039743713602704,0.01386401197262298,0.16132434129634987,0.02678453936040306,0.02299359709069308,0.01586361439162662,75.70633776666665,26.77976827239823,162.42704423,10.986427973099298,-5.078804799999986,NA,40.1745943325,6.517376793893381,0.14940132740740236,NA,-0.45387977527467327,0.3055778740169523,2.0430026863129673,NA,1.854818446281256,0.5693866173500719
71,M,Coral_Dom,7,14,0.7946010544078358,NA,3.85267380203464,1.9852306702236393,38.005454743800016,NA,5.7513402490583765,2.128778761827318,-38.25728749999996,9.479826113314315,2337.2699858333335,5.329693311919227,6.078611666666651,17.289633098546005,19.04962050000008,6.08823184919698,0.128302499400862,0.02865990582683043,8.040484016124932,0.00863246884385451,0.12702650133257018,0.02072973059072602,0.01583562970643524,0.01216091425507895,47.67381032,9.212051045299305,120.077097918,6.431927351485686,65.29525062666667,18.248095215431142,3.0412465679999983,1.4864309796175093,0.14159250947037055,0.01612160726059417,0.20089535658296265,0.09982191071577068,1.2105286415272682,0.02678363986039045,0.4342322402878755,0.3013846334207695
73,B,Rubble_Dom,5,10,0.2259441617844178,NA,1.5577372237352445,2.3352212070332388,5.593142630293252,NA,3.2173645540124447,0.7969028923547974,-44.33148566666675,14.509070482136355,2334.0342219166664,8.451973053333994,36.750499999999874,28.12923808568676,26.31598100000024,8.598002441685068,0.08540176481748218,0.02963033246310295,8.031325593128724,0.01226805851916977,0.13133979040554955,0.02556712523015156,0.00245554225265731,0.01145221900792155,29.78723085666667,3.1864267016891037,109.344693877,7.331964906550172,64.17194671,0.4783436978675584,-8.509276767999996,6.7714269167977745,-0.03216030888888949,0.11509764984453266,0.21131853599704056,0.05795521570106089,0.6019140543672764,0.08973781358364165,1.0424400073218316,0.4409147116320158
74,E,Rubble_Dom,10,20,0.1979196679699275,0.7448353656735333,2.013096938327514,4.810672386557634,5.800674404153333,18.24126855303199,2.5559166063117544,1.007779753,-37.889917500000024,10.853107280222892,2261.57038,19.908371743852832,27.91333899999995,5.367767430586558,77.04462600000002,20.714257829431897,0.11842473202967813,0.02686688006726498,8.056944066354125,0.01170795995873915,0.11166399917829796,0.02034856408816702,0.03767749307248846,0.01300182277773068,28.7021849925,7.726821340000175,118.073467815,9.564805971812046,-0.904401969999988,13.62138859188647,1.9068934175000043,7.19307539682167,0.21267174294073785,0.07110629206168843,0.901525289645334,0.4028556627066591,0.2437169567065586,0.02727357864717102,1.7581908027459858,0.7821763949332085
76,K,Coral_Dom,7,13,0.9330987155513236,NA,3.23019188104208,1.80734140855145,4.990847327503277,NA,3.499153580077276,1.3246126910484095,-38.25728749999996,9.479826113314315,2337.2699858333335,5.329693311919227,6.078611666666651,17.289633098546005,19.04962050000008,6.08823184919698,0.128302499400862,0.02865990582683043,8.040484016124932,0.00863246884385451,0.12702650133257018,0.02072973059072602,0.01583562970643524,0.01216091425507895,47.67381032,9.212051045299305,120.077097918,6.431927351485686,65.29525062666667,18.248095215431142,3.0412465679999983,1.4864309796175093,0.14159250947037055,0.01612160726059417,0.20089535658296265,0.09982191071577068,1.2105286415272682,0.02678363986039045,0.4342322402878755,0.3013846334207695
78,L,Control,15,30,0.5751443177795292,NA,1.7279470185711023,0.6630181678932228,10.655946214875785,NA,NA,0.7746856972760578,-4.75295349999999,1.6541468635847032,2359.648372714286,3.188702808483749,-6.769403999999895,5.2026819200511545,-1.8317256666667088,2.376878253633735,-0.00642233636938099,0.00564635698241541,8.04040327024681,0.00656434968870687,0.01191692462364611,0.01057947893762761,0.01562762303353128,0.00263404943678476,74.4311885725,37.95056607895719,148.14463757444446,11.573658698897306,NA,NA,47.240585476000014,13.924038258365435,-0.31087582459258867,0.13218267336416736,0.01861002168394894,0.02868859325840881,0.4614160039639533,NA,0.43089995504325207,0.08065858150738428
80,S,Rubble_Dom,10,20,0.5492221630270511,1.046995071181318,2.0200318138354905,5.138287156720981,13.944367713956948,35.68254969945125,5.545389235,1.1580597823963554,-37.889917500000024,10.853107280222892,2261.57038,19.908371743852832,27.91333899999995,5.367767430586558,77.04462600000002,20.714257829431897,0.11842473202967813,0.02686688006726498,8.056944066354125,0.01170795995873915,0.11166399917829796,0.02034856408816702,0.03767749307248846,0.01300182277773068,28.7021849925,7.726821340000175,118.073467815,9.564805971812046,-0.904401969999988,13.62138859188647,1.9068934175000043,7.19307539682167,0.21267174294073785,0.07110629206168843,0.901525289645334,0.4028556627066591,0.2437169567065586,0.02727357864717102,1.7581908027459858,0.7821763949332085
85,E,Control,11,21,0.4746075293504334,0.7448353656735333,2.146078686028442,4.810672386557634,3.936146313275572,18.24126855303199,2.995562665626947,0.9697030737736532,-0.2286624999999276,3.856157785195322,2362.2460446666664,3.1657591098945037,-9.005422499999895,5.659124946143501,-8.606094300000041,2.65806458120071,0.00138197225570541,0.00883910906908198,8.044242640025107,0.00698180286885254,0.01387326705728472,0.01035717890600616,0.02142606388012697,0.00359721881744813,24.6112147325,13.881239485471358,141.673604927,8.6279825699666,16.621637295,12.76846501683891,35.25302784875,13.700164055901356,0.11228575423630088,0.0709692413458248,-0.06388764039985172,0.03291275224472614,0.04839010575381972,0.10477141564016576,0.02293832848437495,0.05147977738949949
86,E,Algae_Dom,14,27,0.1804604592623976,0.7448353656735333,0.8298171450150998,4.810672386557634,4.06688372407545,18.24126855303199,3.357836216920793,1.4606178059247987,-37.23851475000003,9.838256705246796,2348.4807134166667,2.7747523552205284,31.616544500000145,12.523934306130892,4.47387429999999,3.163742144953154,0.09974157971575288,0.02799338451716649,8.051934858764644,0.00772784596507454,0.09752090748550504,0.02086109552425618,0.02969704531428435,0.00568285870127489,38.453039077499994,12.664991054529663,124.460064781,4.796434802280476,-8.106313595000003,1.0667064279659453,3.4848267312500063,1.5191472756790436,0.14537345327111273,0.0717194705948682,-0.17164517101689158,0.15633222922318077,1.6569796663013192,0.255406858949607,0.7397980044825219,0.23966672179647763
90,G,Rubble_Dom,12,23,0.7574009119469135,1.2966341787360331,4.2996925886337705,3.9943344322871286,14.22007841349782,20.604581266136258,4.037628822564667,1.541026370042373,-49.688891749999925,9.931344599266522,2306.01740575,11.733118850647712,64.7374034999998,6.767929897333883,54.9657287,10.91533832520424,0.15679212354598593,0.02665265182378652,8.05987093476518,0.01160574222701156,0.1548913819135806,0.02403687437898346,0.04687878548527451,0.01597084280834628,8.390261732500008,19.33232921359641,129.195564507,5.668837625043385,-25.436694009999982,21.71275616496957,19.312033565,3.7091182145936687,0.1860625830711105,0.02811748226626751,0.5854084028601474,0.26732823557826063,1.0488047272968335,0.12941673330543454,1.3231509584418375,0.5209307095999652
92,G,Algae_Dom,1,2,0.7371023406230943,1.2966341787360331,3.3185407633530923,3.9943344322871286,5.224303657943392,20.604581266136258,3.965215106332312,1.0578721137535017,-6.867349999999836,7.650768783337689,2350.6033318333334,6.122511415651176,7.346999999999753,NA,0.7097853999999639,5.094622258224965,0.14051438567964353,0.03658297082833405,8.039743713602704,0.01386401197262298,0.16132434129634987,0.02678453936040306,0.02299359709069308,0.01586361439162662,75.70633776666665,26.77976827239823,162.42704423,10.986427973099298,-5.078804799999986,NA,40.1745943325,6.517376793893381,0.14940132740740236,NA,-0.45387977527467327,0.3055778740169523,2.0430026863129673,NA,1.854818446281256,0.5693866173500719
95,L,Coral_Dom,16,31,0.10963215949134358,NA,0.7376570828602645,0.6630181678932228,3.2516815294400203,NA,2.6226660182682946,0.6988188936575584,-99.88705699999991,20.014490436628044,2318.0905074166667,7.787770275456481,53.67026349999992,11.028512695645516,31.839105500000052,7.206062364142922,0.06461638644384607,0.0221329110107505,8.032965104067214,0.01030261825928323,0.07906867736056776,0.02297561906802945,0.01402740122069789,0.00799907681223261,22.67665497,7.7969475472821586,116.58651436638888,5.882365471741493,12.72823394000001,NA,5.537770478000002,5.526056324111243,0.5179937926311122,0.03776540854508323,0.6822476354755567,0.12955962277065597,1.3765644561131989,0.05257436943824343,1.3188676101833692,0.2333484363287023
96,N,Rubble_Dom,10,19,0.33706341278059787,0.929447095142448,2.3700051618750777,4.720371652834108,3.7088580542358054,21.819632953485694,2.372543438498496,0.8992230069017945,-37.889917500000024,10.853107280222892,2261.57038,19.908371743852832,27.91333899999995,5.367767430586558,77.04462600000002,20.714257829431897,0.11842473202967813,0.02686688006726498,8.056944066354125,0.01170795995873915,0.11166399917829796,0.02034856408816702,0.03767749307248846,0.01300182277773068,28.7021849925,7.726821340000175,118.073467815,9.564805971812046,-0.904401969999988,13.62138859188647,1.9068934175000043,7.19307539682167,0.21267174294073785,0.07110629206168843,0.901525289645334,0.4028556627066591,0.2437169567065586,0.02727357864717102,1.7581908027459858,0.7821763949332085
97,V,Algae_Dom,13,26,0.22973986729206755,1.1013906315562203,1.0329235994790151,4.853278907676657,7.211249853754991,18.589412358939818,1.6570820951011016,0.8065940335945473,-11.891019250000111,2.9461093606593254,2353.64744875,4.1835143092566165,6.195127500000126,5.507386901968648,0.8727708999999777,3.0338582613597924,0.10345470335656903,0.02389022527847623,8.05405603436128,0.00710281272727118,0.12629423316291769,0.02943994428879893,0.03286303678712423,0.00694585681104479,12.8571121275,8.759649832785266,114.140655155,7.32139890135759,-1.5579858400000006,3.879367350143281,5.3328317149999975,8.712253894811726,0.0434338047355577,0.08039417562614319,-0.1832296273364459,0.1241053621274552,1.1817328546517634,0.4089706357572784,1.235317391609184,0.2886671374969016
100,U,Algae_Dom,14,27,0.38294035401158744,0.7774960435906315,2.4697409526609007,3.3472984457422785,7.042941015846094,38.90730959224573,3.845138177697647,1.5089229203351966,-37.23851475000003,9.838256705246796,2348.4807134166667,2.7747523552205284,31.616544500000145,12.523934306130892,4.47387429999999,3.163742144953154,0.09974157971575288,0.02799338451716649,8.051934858764644,0.00772784596507454,0.09752090748550504,0.02086109552425618,0.02969704531428435,0.00568285870127489,38.453039077499994,12.664991054529663,124.460064781,4.796434802280476,-8.106313595000003,1.0667064279659453,3.4848267312500063,1.5191472756790436,0.14537345327111273,0.0717194705948682,-0.17164517101689158,0.15633222922318077,1.6569796663013192,0.255406858949607,0.7397980044825219,0.23966672179647763
101,U,Coral_Dom,7,13,0.5077428420047742,0.7774960435906315,2.689657299274026,3.3472984457422785,NA,NA,2.5749039808045038,0.7503897972304606,-38.25728749999996,9.479826113314315,2337.2699858333335,5.329693311919227,6.078611666666651,17.289633098546005,19.04962050000008,6.08823184919698,0.128302499400862,0.02865990582683043,8.040484016124932,0.00863246884385451,0.12702650133257018,0.02072973059072602,0.01583562970643524,0.01216091425507895,47.67381032,9.212051045299305,120.077097918,6.431927351485686,65.29525062666667,18.248095215431142,3.0412465679999983,1.4864309796175093,0.14159250947037055,0.01612160726059417,0.20089535658296265,0.09982191071577068,1.2105286415272682,0.02678363986039045,0.4342322402878755,0.3013846334207695
102,I,Control,15,30,0.3674532327077202,NA,2.007022901194953,NA,2.838935203126701,NA,3.1206367055029176,0.7566490261058428,-4.75295349999999,1.6541468635847032,2359.648372714286,3.188702808483749,-6.769403999999895,5.2026819200511545,-1.8317256666667088,2.376878253633735,-0.00642233636938099,0.00564635698241541,8.04040327024681,0.00656434968870687,0.01191692462364611,0.01057947893762761,0.01562762303353128,0.00263404943678476,74.4311885725,37.95056607895719,148.14463757444446,11.573658698897306,NA,NA,47.240585476000014,13.924038258365435,-0.31087582459258867,0.13218267336416736,0.01861002168394894,0.02868859325840881,0.4614160039639533,NA,0.43089995504325207,0.08065858150738428
104,G,Control,8,15,0.36061608507240145,1.2966341787360331,1.9144492690746415,3.9943344322871286,4.87593916872399,20.604581266136258,2.297318003522599,0.8436494615972104,13.00183125000001,6.282447987453245,2360.8049255833334,3.995816636886597,-10.131273000000192,5.954642724447541,-10.06595739999998,3.7289655769925054,0.00163887305091026,0.00859767261515061,8.043899387464494,0.00714110054196437,0.01440509720659674,0.01061093827534867,0.02113491102617925,0.00331397159779183,69.72347803333334,13.588797623883677,160.66979863,21.184125405555072,66.80813770500001,10.920586507164032,7.343105165000002,8.332345273740778,0.06999389820444177,0.0361070096541452,-0.22109143421866645,0.11966853038201448,0.4487296443853797,0.19157691070651328,-0.02199722013113503,0.1272127267731978
106,D,Coral_Dom,7,13,0.8948912403024328,0.8699065309034011,3.339377701907779,3.99537034781274,20.85993567138538,16.314985112909657,3.626419516741998,1.1871768604712007,-38.25728749999996,9.479826113314315,2337.2699858333335,5.329693311919227,6.078611666666651,17.289633098546005,19.04962050000008,6.08823184919698,0.128302499400862,0.02865990582683043,8.040484016124932,0.00863246884385451,0.12702650133257018,0.02072973059072602,0.01583562970643524,0.01216091425507895,47.67381032,9.212051045299305,120.077097918,6.431927351485686,65.29525062666667,18.248095215431142,3.0412465679999983,1.4864309796175093,0.14159250947037055,0.01612160726059417,0.20089535658296265,0.09982191071577068,1.2105286415272682,0.02678363986039045,0.4342322402878755,0.3013846334207695
108,F,Rubble_Dom,12,23,0.6214440215257951,0.8233524278308041,2.7225799858263775,3.2951648175803965,15.87420039062043,20.00443690979766,2.5236171208395857,1.1066834437857913,-49.688891749999925,9.931344599266522,2306.01740575,11.733118850647712,64.7374034999998,6.767929897333883,54.9657287,10.91533832520424,0.15679212354598593,0.02665265182378652,8.05987093476518,0.01160574222701156,0.1548913819135806,0.02403687437898346,0.04687878548527451,0.01597084280834628,8.390261732500008,19.33232921359641,129.195564507,5.668837625043385,-25.436694009999982,21.71275616496957,19.312033565,3.7091182145936687,0.1860625830711105,0.02811748226626751,0.5854084028601474,0.26732823557826063,1.0488047272968335,0.12941673330543454,1.3231509584418375,0.5209307095999652
110,K,Rubble_Dom,5,9,NA,NA,3.129917434832939,1.80734140855145,NA,NA,2.7594428871043055,1.0167558297428214,-44.33148566666675,14.509070482136355,2334.0342219166664,8.451973053333994,36.750499999999874,28.12923808568676,26.31598100000024,8.598002441685068,0.08540176481748218,0.02963033246310295,8.031325593128724,0.01226805851916977,0.13133979040554955,0.02556712523015156,0.00245554225265731,0.01145221900792155,29.78723085666667,3.1864267016891037,109.344693877,7.331964906550172,64.17194671,0.4783436978675584,-8.509276767999996,6.7714269167977745,-0.03216030888888949,0.11509764984453266,0.21131853599704056,0.05795521570106089,0.6019140543672764,0.08973781358364165,1.0424400073218316,0.4409147116320158
111,A,Rubble_Dom,10,19,0.40180290545056446,0.8357502039027154,1.52660317142497,3.1814202195251218,8.318900733966139,16.17473459269022,3.0707551601971046,1.3351815946290195,-37.889917500000024,10.853107280222892,2261.57038,19.908371743852832,27.91333899999995,5.367767430586558,77.04462600000002,20.714257829431897,0.11842473202967813,0.02686688006726498,8.056944066354125,0.01170795995873915,0.11166399917829796,0.02034856408816702,0.03767749307248846,0.01300182277773068,28.7021849925,7.726821340000175,118.073467815,9.564805971812046,-0.904401969999988,13.62138859188647,1.9068934175000043,7.19307539682167,0.21267174294073785,0.07110629206168843,0.901525289645334,0.4028556627066591,0.2437169567065586,0.02727357864717102,1.7581908027459858,0.7821763949332085
113,C,Rubble_Dom,2,3,0.5824038757405864,NA,2.0216554685768027,9.37759385697352,21.367773493656607,NA,3.315534722841444,1.2581801608238103,-37.148260000000086,11.017106096097791,2316.6510155,13.290951292511922,-6.561500000000024,20.439451840283056,41.34258880000002,14.994889908162111,0.11193907232337874,0.02328801882883491,8.039721699120623,0.01199934164332615,0.12571827140188516,0.02602743005600957,0.00898795254808187,0.00741816902146627,-29.256190136666667,16.880152280822994,154.67587669875002,5.11107561665884,-24.81341868000002,9.595529523298367,31.53090063,12.679485057306913,-0.14331480148148165,0.07320303624648385,0.3485063846293334,0.12863564721912657,0.4528774458456849,0.01812729753982893,1.00986907012948,0.3024315548655175
114,S,Algae_Dom,1,1,0.10092488248944397,1.046995071181318,2.180195921678686,5.138287156720981,4.333254090779632,35.68254969945125,3.3525213192730208,1.482766549131345,-6.867349999999836,7.650768783337689,2350.6033318333334,6.122511415651176,7.346999999999753,NA,0.7097853999999639,5.094622258224965,0.14051438567964353,0.03658297082833405,8.039743713602704,0.01386401197262298,0.16132434129634987,0.02678453936040306,0.02299359709069308,0.01586361439162662,75.70633776666665,26.77976827239823,162.42704423,10.986427973099298,-5.078804799999986,NA,40.1745943325,6.517376793893381,0.14940132740740236,NA,-0.45387977527467327,0.3055778740169523,2.0430026863129673,NA,1.854818446281256,0.5693866173500719
115,W,Coral_Dom,6,11,0.6491508514594875,1.1932564592199246,4.596586003151221,8.171761566146001,19.80354064699895,44.85290236784113,3.80974762700241,1.504873730129613,-17.53995799999999,9.307840929544568,2318.9113488333332,5.52976404833138,10.814999999999827,2.7895362517809654,37.13428000000008,6.6047313319080105,0.1233789161084924,0.02477934965054057,8.044577585126033,0.00884471276763014,0.1332745516512785,0.02392756425834009,0.01966721087384648,0.01020699996518697,50.95618443666667,5.330094015291491,115.650420031,10.265755136793755,80.603128895,2.3755283727180823,0.8608990229999989,6.239621214151129,0.1580907155555541,0.11291375081272932,0.26680915336296457,0.03968994532819318,1.182486134184929,0.10169566979615095,0.3218269623092251,0.16422871592796662
117,J,Rubble_Dom,2,4,0.8299672292557859,NA,4.116595838271655,3.348934546436245,21.02846503260899,NA,4.066577545108938,1.3384266909179687,-37.148260000000086,11.017106096097791,2316.6510155,13.290951292511922,-6.561500000000024,20.439451840283056,41.34258880000002,14.994889908162111,0.11193907232337874,0.02328801882883491,8.039721699120623,0.01199934164332615,0.12571827140188516,0.02602743005600957,0.00898795254808187,0.00741816902146627,-29.256190136666667,16.880152280822994,154.67587669875002,5.11107561665884,-24.81341868000002,9.595529523298367,31.53090063,12.679485057306913,-0.14331480148148165,0.07320303624648385,0.3485063846293334,0.12863564721912657,0.4528774458456849,0.01812729753982893,1.00986907012948,0.3024315548655175
118,N,Algae_Dom,4,8,0.2422196046513842,0.929447095142448,1.57984452752046,4.720371652834108,13.412410604277554,21.819632953485694,2.0740720663737457,2.246314341530684,-7.658493333333202,7.371878133022359,2357.3381965,10.255023948725537,-0.3195000000002892,13.281056340941095,-2.9246895999999185,10.233291795210436,0.17843662649315728,0.04092638884283094,8.060288888668053,0.02874335345486549,0.1693738588133758,0.03301582655182718,0.00139019427599881,0.02287345473438877,76.59443476666667,17.615575175586322,180.91056307,14.504750115633714,126.928488725,19.678323612454587,64.547445195,13.219657285375275,0.11736593185185136,NA,0.06223084206814869,0.13552288912111837,0.4371533793056251,0.26837369482029694,0.7430588453070825,0.3374188145272899
123,S,Control,8,16,0.5765620668144413,1.046995071181318,3.3873536396826465,5.138287156720981,12.565304064194686,35.68254969945125,3.0811853513359972,1.0775639130489674,13.00183125000001,6.282447987453245,2360.8049255833334,3.995816636886597,-10.131273000000192,5.954642724447541,-10.06595739999998,3.7289655769925054,0.00163887305091026,0.00859767261515061,8.043899387464494,0.00714110054196437,0.01440509720659674,0.01061093827534867,0.02113491102617925,0.00331397159779183,69.72347803333334,13.588797623883677,160.66979863,21.184125405555072,66.80813770500001,10.920586507164032,7.343105165000002,8.332345273740778,0.06999389820444177,0.0361070096541452,-0.22109143421866645,0.11966853038201448,0.4487296443853797,0.19157691070651328,-0.02199722013113503,0.1272127267731978
125,T,Control,8,15,0.7397565259038891,NA,4.323205375986267,2.6068875866388836,14.326154784444476,NA,3.007119947647737,1.1309128744645691,13.00183125000001,6.282447987453245,2360.8049255833334,3.995816636886597,-10.131273000000192,5.954642724447541,-10.06595739999998,3.7289655769925054,0.00163887305091026,0.00859767261515061,8.043899387464494,0.00714110054196437,0.01440509720659674,0.01061093827534867,0.02113491102617925,0.00331397159779183,69.72347803333334,13.588797623883677,160.66979863,21.184125405555072,66.80813770500001,10.920586507164032,7.343105165000002,8.332345273740778,0.06999389820444177,0.0361070096541452,-0.22109143421866645,0.11966853038201448,0.4487296443853797,0.19157691070651328,-0.02199722013113503,0.1272127267731978
127,P,Rubble_Dom,2,3,0.6838126004871964,NA,2.95371412798836,1.4487552255999607,5.313499650894036,NA,3.5071397018664876,1.185209185191424,-37.148260000000086,11.017106096097791,2316.6510155,13.290951292511922,-6.561500000000024,20.439451840283056,41.34258880000002,14.994889908162111,0.11193907232337874,0.02328801882883491,8.039721699120623,0.01199934164332615,0.12571827140188516,0.02602743005600957,0.00898795254808187,0.00741816902146627,-29.256190136666667,16.880152280822994,154.67587669875002,5.11107561665884,-24.81341868000002,9.595529523298367,31.53090063,12.679485057306913,-0.14331480148148165,0.07320303624648385,0.3485063846293334,0.12863564721912657,0.4528774458456849,0.01812729753982893,1.00986907012948,0.3024315548655175
128,R,Algae_Dom,13,25,0.40743831565540867,1.023629316496247,1.895105632381887,5.402623640764294,8.2871423173845,40.18635024072939,1.9580458694598344,0.526050988,-11.891019250000111,2.9461093606593254,2353.64744875,4.1835143092566165,6.195127500000126,5.507386901968648,0.8727708999999777,3.0338582613597924,0.10345470335656903,0.02389022527847623,8.05405603436128,0.00710281272727118,0.12629423316291769,0.02943994428879893,0.03286303678712423,0.00694585681104479,12.8571121275,8.759649832785266,114.140655155,7.32139890135759,-1.5579858400000006,3.879367350143281,5.3328317149999975,8.712253894811726,0.0434338047355577,0.08039417562614319,-0.1832296273364459,0.1241053621274552,1.1817328546517634,0.4089706357572784,1.235317391609184,0.2886671374969016
134,U,Control,11,22,0.4784352027560808,0.7774960435906315,2.361721476746807,3.3472984457422785,15.810009242066725,38.90730959224573,2.0950293303709904,1.046802541514413,-0.2286624999999276,3.856157785195322,2362.2460446666664,3.1657591098945037,-9.005422499999895,5.659124946143501,-8.606094300000041,2.65806458120071,0.00138197225570541,0.00883910906908198,8.044242640025107,0.00698180286885254,0.01387326705728472,0.01035717890600616,0.02142606388012697,0.00359721881744813,24.6112147325,13.881239485471358,141.673604927,8.6279825699666,16.621637295,12.76846501683891,35.25302784875,13.700164055901356,0.11228575423630088,0.0709692413458248,-0.06388764039985172,0.03291275224472614,0.04839010575381972,0.10477141564016576,0.02293832848437495,0.05147977738949949
135,P,Algae_Dom,13,25,0.4620459448541008,NA,4.294169878025904,1.4487552255999607,11.348271503437294,NA,5.3165256059397175,1.678474370260134,-11.891019250000111,2.9461093606593254,2353.64744875,4.1835143092566165,6.195127500000126,5.507386901968648,0.8727708999999777,3.0338582613597924,0.10345470335656903,0.02389022527847623,8.05405603436128,0.00710281272727118,0.12629423316291769,0.02943994428879893,0.03286303678712423,0.00694585681104479,12.8571121275,8.759649832785266,114.140655155,7.32139890135759,-1.5579858400000006,3.879367350143281,5.3328317149999975,8.712253894811726,0.0434338047355577,0.08039417562614319,-0.1832296273364459,0.1241053621274552,1.1817328546517634,0.4089706357572784,1.235317391609184,0.2886671374969016
136,S,Coral_Dom,16,31,0.7929623806534956,1.046995071181318,3.674350828845336,5.138287156720981,15.562585820859768,35.68254969945125,4.959414059950634,1.1831960360173008,-99.88705699999991,20.014490436628044,2318.0905074166667,7.787770275456481,53.67026349999992,11.028512695645516,31.839105500000052,7.206062364142922,0.06461638644384607,0.0221329110107505,8.032965104067214,0.01030261825928323,0.07906867736056776,0.02297561906802945,0.01402740122069789,0.00799907681223261,22.67665497,7.7969475472821586,116.58651436638888,5.882365471741493,12.72823394000001,NA,5.537770478000002,5.526056324111243,0.5179937926311122,0.03776540854508323,0.6822476354755567,0.12955962277065597,1.3765644561131989,0.05257436943824343,1.3188676101833692,0.2333484363287023
137,P,Coral_Dom,9,18,0.22054679460955004,NA,2.0311228243595374,1.4487552255999607,22.768791559878466,NA,2.0773064247126465,1.0033845311274592,-52.5825329999999,8.599539281406189,2313.8824276,7.507661507081915,71.34999500000004,12.414675525059137,40.41563759999999,9.985330806540269,0.10735222361691454,0.02700194855049786,8.052154246251016,0.01397714635427021,0.11313731496543608,0.02700670038315562,0.02103431260169316,0.00532530631601658,35.367075477499995,14.078282030790294,124.865744715,7.326160831024343,-6.495250124999991,14.205703825091677,-5.198229493749994,4.789218690879116,0.4183760618659263,0.03268143112950684,0.21834416788873973,0.06313751790355808,1.4133184493161637,0.16228964882419253,0.7591568793196554,0.09911366309776612
138,R,Coral_Dom,16,32,0.2580409626445415,1.023629316496247,2.199160922123357,5.402623640764294,9.377638418077971,40.18635024072939,2.437578365335366,1.1753786990252422,-99.88705699999991,20.014490436628044,2318.0905074166667,7.787770275456481,53.67026349999992,11.028512695645516,31.839105500000052,7.206062364142922,0.06461638644384607,0.0221329110107505,8.032965104067214,0.01030261825928323,0.07906867736056776,0.02297561906802945,0.01402740122069789,0.00799907681223261,22.67665497,7.7969475472821586,116.58651436638888,5.882365471741493,12.72823394000001,NA,5.537770478000002,5.526056324111243,0.5179937926311122,0.03776540854508323,0.6822476354755567,0.12955962277065597,1.3765644561131989,0.05257436943824343,1.3188676101833692,0.2333484363287023
139,T,Rubble_Dom,12,24,0.7951921394533169,NA,3.714336400282647,2.6068875866388836,8.853542433556182,NA,3.2993763391042874,1.066448780812557,-49.688891749999925,9.931344599266522,2306.01740575,11.733118850647712,64.7374034999998,6.767929897333883,54.9657287,10.91533832520424,0.15679212354598593,0.02665265182378652,8.05987093476518,0.01160574222701156,0.1548913819135806,0.02403687437898346,0.04687878548527451,0.01597084280834628,8.390261732500008,19.33232921359641,129.195564507,5.668837625043385,-25.436694009999982,21.71275616496957,19.312033565,3.7091182145936687,0.1860625830711105,0.02811748226626751,0.5854084028601474,0.26732823557826063,1.0488047272968335,0.12941673330543454,1.3231509584418375,0.5209307095999652
140,V,Coral_Dom,9,18,0.433388951094289,1.1013906315562203,2.830034036875477,4.853278907676657,16.07892798009634,18.589412358939818,3.5432478798260005,1.2836147251661023,-52.5825329999999,8.599539281406189,2313.8824276,7.507661507081915,71.34999500000004,12.414675525059137,40.41563759999999,9.985330806540269,0.10735222361691454,0.02700194855049786,8.052154246251016,0.01397714635427021,0.11313731496543608,0.02700670038315562,0.02103431260169316,0.00532530631601658,35.367075477499995,14.078282030790294,124.865744715,7.326160831024343,-6.495250124999991,14.205703825091677,-5.198229493749994,4.789218690879116,0.4183760618659263,0.03268143112950684,0.21834416788873973,0.06313751790355808,1.4133184493161637,0.16228964882419253,0.7591568793196554,0.09911366309776612
141,T,Algae_Dom,4,8,0.5820894969639387,NA,4.2612492131869715,2.6068875866388836,21.22765856401701,NA,2.9780830928210422,0.9450860676112376,-7.658493333333202,7.371878133022359,2357.3381965,10.255023948725537,-0.3195000000002892,13.281056340941095,-2.9246895999999185,10.233291795210436,0.17843662649315728,0.04092638884283094,8.060288888668053,0.02874335345486549,0.1693738588133758,0.03301582655182718,0.00139019427599881,0.02287345473438877,76.59443476666667,17.615575175586322,180.91056307,14.504750115633714,126.928488725,19.678323612454587,64.547445195,13.219657285375275,0.11736593185185136,NA,0.06223084206814869,0.13552288912111837,0.4371533793056251,0.26837369482029694,0.7430588453070825,0.3374188145272899
143,Q,Rubble_Dom,5,10,NA,0.6600635822911377,NA,NA,NA,NA,NA,NA,-44.33148566666675,14.509070482136355,2334.0342219166664,8.451973053333994,36.750499999999874,28.12923808568676,26.31598100000024,8.598002441685068,0.08540176481748218,0.02963033246310295,8.031325593128724,0.01226805851916977,0.13133979040554955,0.02556712523015156,0.00245554225265731,0.01145221900792155,29.78723085666667,3.1864267016891037,109.344693877,7.331964906550172,64.17194671,0.4783436978675584,-8.509276767999996,6.7714269167977745,-0.03216030888888949,0.11509764984453266,0.21131853599704056,0.05795521570106089,0.6019140543672764,0.08973781358364165,1.0424400073218316,0.4409147116320158
145,D,Rubble_Dom,5,10,0.4341515087677866,0.8699065309034011,2.679858991677742,3.99537034781274,22.524848710174417,16.314985112909657,1.1054089800213909,0.9903103144762132,-44.33148566666675,14.509070482136355,2334.0342219166664,8.451973053333994,36.750499999999874,28.12923808568676,26.31598100000024,8.598002441685068,0.08540176481748218,0.02963033246310295,8.031325593128724,0.01226805851916977,0.13133979040554955,0.02556712523015156,0.00245554225265731,0.01145221900792155,29.78723085666667,3.1864267016891037,109.344693877,7.331964906550172,64.17194671,0.4783436978675584,-8.509276767999996,6.7714269167977745,-0.03216030888888949,0.11509764984453266,0.21131853599704056,0.05795521570106089,0.6019140543672764,0.08973781358364165,1.0424400073218316,0.4409147116320158
146,O,Control,11,21,0.14447285724703832,NA,2.0340150497504697,0.9977448439271432,6.828894242206795,NA,2.1741330669477676,0.5559790044760279,-0.2286624999999276,3.856157785195322,2362.2460446666664,3.1657591098945037,-9.005422499999895,5.659124946143501,-8.606094300000041,2.65806458120071,0.00138197225570541,0.00883910906908198,8.044242640025107,0.00698180286885254,0.01387326705728472,0.01035717890600616,0.02142606388012697,0.00359721881744813,24.6112147325,13.881239485471358,141.673604927,8.6279825699666,16.621637295,12.76846501683891,35.25302784875,13.700164055901356,0.11228575423630088,0.0709692413458248,-0.06388764039985172,0.03291275224472614,0.04839010575381972,0.10477141564016576,0.02293832848437495,0.05147977738949949
147,H,Coral_Dom,6,11,0.29562401554933765,0.5379686865152249,1.294864131227225,2.3513969669094665,7.0325275287289895,16.756879455376726,1.6706385913526776,0.5013019254508548,-17.53995799999999,9.307840929544568,2318.9113488333332,5.52976404833138,10.814999999999827,2.7895362517809654,37.13428000000008,6.6047313319080105,0.1233789161084924,0.02477934965054057,8.044577585126033,0.00884471276763014,0.1332745516512785,0.02392756425834009,0.01966721087384648,0.01020699996518697,50.95618443666667,5.330094015291491,115.650420031,10.265755136793755,80.603128895,2.3755283727180823,0.8608990229999989,6.239621214151129,0.1580907155555541,0.11291375081272932,0.26680915336296457,0.03968994532819318,1.182486134184929,0.10169566979615095,0.3218269623092251,0.16422871592796662
148,O,Coral_Dom,6,12,NA,NA,1.5809009261231337,0.9977448439271432,NA,NA,NA,1.112624577107611,-17.53995799999999,9.307840929544568,2318.9113488333332,5.52976404833138,10.814999999999827,2.7895362517809654,37.13428000000008,6.6047313319080105,0.1233789161084924,0.02477934965054057,8.044577585126033,0.00884471276763014,0.1332745516512785,0.02392756425834009,0.01966721087384648,0.01020699996518697,50.95618443666667,5.330094015291491,115.650420031,10.265755136793755,80.603128895,2.3755283727180823,0.8608990229999989,6.239621214151129,0.1580907155555541,0.11291375081272932,0.26680915336296457,0.03968994532819318,1.182486134184929,0.10169566979615095,0.3218269623092251,0.16422871592796662
149,O,Rubble_Dom,2,3,0.41595561280443705,NA,1.6476607975184414,0.9977448439271432,7.702881718600687,NA,3.828072983310878,1.5228454362439452,-37.148260000000086,11.017106096097791,2316.6510155,13.290951292511922,-6.561500000000024,20.439451840283056,41.34258880000002,14.994889908162111,0.11193907232337874,0.02328801882883491,8.039721699120623,0.01199934164332615,0.12571827140188516,0.02602743005600957,0.00898795254808187,0.00741816902146627,-29.256190136666667,16.880152280822994,154.67587669875002,5.11107561665884,-24.81341868000002,9.595529523298367,31.53090063,12.679485057306913,-0.14331480148148165,0.07320303624648385,0.3485063846293334,0.12863564721912657,0.4528774458456849,0.01812729753982893,1.00986907012948,0.3024315548655175
151,W,Control,3,5,0.5032734606710484,1.1932564592199246,NA,NA,13.80632615818683,44.85290236784113,2.7438309804174157,0.951724551,-2.858282333333439,1.9677390386897025,2362.150777416666,4.560247043081181,-25.875999999999976,11.007884816121576,-5.652188199999955,2.0804366805447057,-0.00121096750978955,0.00993593122391872,8.032022537102531,0.00527152376806161,0.01526276278930415,0.00730690448902268,5.317609645749378e-4,0.00430993734000865,-14.435507986666664,9.645972322632185,141.46240436600002,10.73139811343327,10.324127645000004,15.306998195643828,21.111175881,12.478003913235169,-0.15462490962962971,0.05896021647385395,-0.01404778976533373,0.01640350436296027,-0.15886931730997098,0.11046470061318904,-0.14337634552002418,0.05195904408801308
153,D,Algae_Dom,14,28,0.438397310091796,0.8699065309034011,2.7424648794370143,3.99537034781274,7.732427826669743,16.314985112909657,3.079988574919701,1.1163650091074109,-37.23851475000003,9.838256705246796,2348.4807134166667,2.7747523552205284,31.616544500000145,12.523934306130892,4.47387429999999,3.163742144953154,0.09974157971575288,0.02799338451716649,8.051934858764644,0.00772784596507454,0.09752090748550504,0.02086109552425618,0.02969704531428435,0.00568285870127489,38.453039077499994,12.664991054529663,124.460064781,4.796434802280476,-8.106313595000003,1.0667064279659453,3.4848267312500063,1.5191472756790436,0.14537345327111273,0.0717194705948682,-0.17164517101689158,0.15633222922318077,1.6569796663013192,0.255406858949607,0.7397980044825219,0.23966672179647763
155,W,Algae_Dom,4,8,0.3405549762677192,1.1932564592199246,2.5802811795728493,8.171761566146001,5.922299099030632,44.85290236784113,3.4036902683726322,1.061203123550069,-7.658493333333202,7.371878133022359,2357.3381965,10.255023948725537,-0.3195000000002892,13.281056340941095,-2.9246895999999185,10.233291795210436,0.17843662649315728,0.04092638884283094,8.060288888668053,0.02874335345486549,0.1693738588133758,0.03301582655182718,0.00139019427599881,0.02287345473438877,76.59443476666667,17.615575175586322,180.91056307,14.504750115633714,126.928488725,19.678323612454587,64.547445195,13.219657285375275,0.11736593185185136,NA,0.06223084206814869,0.13552288912111837,0.4371533793056251,0.26837369482029694,0.7430588453070825,0.3374188145272899
156,H,Algae_Dom,4,7,0.6323776514896877,0.5379686865152249,1.7527289518035107,2.3513969669094665,6.7651867653500375,16.756879455376726,3.211774522184077,1.355288171466163,-7.658493333333202,7.371878133022359,2357.3381965,10.255023948725537,-0.3195000000002892,13.281056340941095,-2.9246895999999185,10.233291795210436,0.17843662649315728,0.04092638884283094,8.060288888668053,0.02874335345486549,0.1693738588133758,0.03301582655182718,0.00139019427599881,0.02287345473438877,76.59443476666667,17.615575175586322,180.91056307,14.504750115633714,126.928488725,19.678323612454587,64.547445195,13.219657285375275,0.11736593185185136,NA,0.06223084206814869,0.13552288912111837,0.4371533793056251,0.26837369482029694,0.7430588453070825,0.3374188145272899
159,H,Rubble_Dom,12,24,0.34388757426665745,0.5379686865152249,3.938482169113172,2.3513969669094665,15.793724706469645,16.756879455376726,2.862412675661417,1.3659242433204606,-49.688891749999925,9.931344599266522,2306.01740575,11.733118850647712,64.7374034999998,6.767929897333883,54.9657287,10.91533832520424,0.15679212354598593,0.02665265182378652,8.05987093476518,0.01160574222701156,0.1548913819135806,0.02403687437898346,0.04687878548527451,0.01597084280834628,8.390261732500008,19.33232921359641,129.195564507,5.668837625043385,-25.436694009999982,21.71275616496957,19.312033565,3.7091182145936687,0.1860625830711105,0.02811748226626751,0.5854084028601474,0.26732823557826063,1.0488047272968335,0.12941673330543454,1.3231509584418375,0.5209307095999652
161,H,Control,3,5,0.6756546380722431,0.5379686865152249,0.8831094353326945,2.3513969669094665,21.145137827537237,16.756879455376726,NA,NA,-2.858282333333439,1.9677390386897025,2362.150777416666,4.560247043081181,-25.875999999999976,11.007884816121576,-5.652188199999955,2.0804366805447057,-0.00121096750978955,0.00993593122391872,8.032022537102531,0.00527152376806161,0.01526276278930415,0.00730690448902268,5.317609645749378e-4,0.00430993734000865,-14.435507986666664,9.645972322632185,141.46240436600002,10.73139811343327,10.324127645000004,15.306998195643828,21.111175881,12.478003913235169,-0.15462490962962971,0.05896021647385395,-0.01404778976533373,0.01640350436296027,-0.15886931730997098,0.11046470061318904,-0.14337634552002418,0.05195904408801308
162,O,Algae_Dom,14,28,0.664827904759452,NA,2.428167199133804,0.9977448439271432,20.76613789659384,NA,4.975553998,2.245031861323924,-37.23851475000003,9.838256705246796,2348.4807134166667,2.7747523552205284,31.616544500000145,12.523934306130892,4.47387429999999,3.163742144953154,0.09974157971575288,0.02799338451716649,8.051934858764644,0.00772784596507454,0.09752090748550504,0.02086109552425618,0.02969704531428435,0.00568285870127489,38.453039077499994,12.664991054529663,124.460064781,4.796434802280476,-8.106313595000003,1.0667064279659453,3.4848267312500063,1.5191472756790436,0.14537345327111273,0.0717194705948682,-0.17164517101689158,0.15633222922318077,1.6569796663013192,0.255406858949607,0.7397980044825219,0.23966672179647763
202,X,Control,3,6,0.4530237201623172,NA,NA,NA,9.915957593625926,NA,NA,0.7178934718314155,-2.858282333333439,1.9677390386897025,2362.150777416666,4.560247043081181,-25.875999999999976,11.007884816121576,-5.652188199999955,2.0804366805447057,-0.00121096750978955,0.00993593122391872,8.032022537102531,0.00527152376806161,0.01526276278930415,0.00730690448902268,5.317609645749378e-4,0.00430993734000865,-14.435507986666664,9.645972322632185,141.46240436600002,10.73139811343327,10.324127645000004,15.306998195643828,21.111175881,12.478003913235169,-0.15462490962962971,0.05896021647385395,-0.01404778976533373,0.01640350436296027,-0.15886931730997098,0.11046470061318904,-0.14337634552002418,0.05195904408801308
203,X,Algae_Dom,14,27,0.9063565839566812,NA,4.492084263400106,2.7637492723538677,13.945663834882463,NA,NA,1.3212421272067671,-37.23851475000003,9.838256705246796,2348.4807134166667,2.7747523552205284,31.616544500000145,12.523934306130892,4.47387429999999,3.163742144953154,0.09974157971575288,0.02799338451716649,8.051934858764644,0.00772784596507454,0.09752090748550504,0.02086109552425618,0.02969704531428435,0.00568285870127489,38.453039077499994,12.664991054529663,124.460064781,4.796434802280476,-8.106313595000003,1.0667064279659453,3.4848267312500063,1.5191472756790436,0.14537345327111273,0.0717194705948682,-0.17164517101689158,0.15633222922318077,1.6569796663013192,0.255406858949607,0.7397980044825219,0.23966672179647763
204,Q,Algae_Dom,13,26,1.3818015644506174,0.6600635822911377,2.955557303331618,2.2741261018958356,16.522550654816435,34.17264289358168,4.795952243088642,1.5198642701259033,-11.891019250000111,2.9461093606593254,2353.64744875,4.1835143092566165,6.195127500000126,5.507386901968648,0.8727708999999777,3.0338582613597924,0.10345470335656903,0.02389022527847623,8.05405603436128,0.00710281272727118,0.12629423316291769,0.02943994428879893,0.03286303678712423,0.00694585681104479,12.8571121275,8.759649832785266,114.140655155,7.32139890135759,-1.5579858400000006,3.879367350143281,5.3328317149999975,8.712253894811726,0.0434338047355577,0.08039417562614319,-0.1832296273364459,0.1241053621274552,1.1817328546517634,0.4089706357572784,1.235317391609184,0.2886671374969016
206,Q,Rubble_Dom,2,4,1.164198328269739,0.6600635822911377,5.266326310052242,2.2741261018958356,19.310419907052445,34.17264289358168,4.6654480954314925,1.3914799410256449,-37.148260000000086,11.017106096097791,2316.6510155,13.290951292511922,-6.561500000000024,20.439451840283056,41.34258880000002,14.994889908162111,0.11193907232337874,0.02328801882883491,8.039721699120623,0.01199934164332615,0.12571827140188516,0.02602743005600957,0.00898795254808187,0.00741816902146627,-29.256190136666667,16.880152280822994,154.67587669875002,5.11107561665884,-24.81341868000002,9.595529523298367,31.53090063,12.679485057306913,-0.14331480148148165,0.07320303624648385,0.3485063846293334,0.12863564721912657,0.4528774458456849,0.01812729753982893,1.00986907012948,0.3024315548655175
207,X,Rubble_Dom,10,19,0.3033897185974076,NA,3.6424097495048526,2.7637492723538677,4.630490210583145,NA,2.9752638218702825,0.5650312516546602,-37.889917500000024,10.853107280222892,2261.57038,19.908371743852832,27.91333899999995,5.367767430586558,77.04462600000002,20.714257829431897,0.11842473202967813,0.02686688006726498,8.056944066354125,0.01170795995873915,0.11166399917829796,0.02034856408816702,0.03767749307248846,0.01300182277773068,28.7021849925,7.726821340000175,118.073467815,9.564805971812046,-0.904401969999988,13.62138859188647,1.9068934175000043,7.19307539682167,0.21267174294073785,0.07110629206168843,0.901525289645334,0.4028556627066591,0.2437169567065586,0.02727357864717102,1.7581908027459858,0.7821763949332085
208,X,Coral_Dom,7,14,0.6634750980125533,NA,3.304644334125025,2.7637492723538677,27.90933925052806,NA,3.1018860020406622,1.0892249367706666,-38.25728749999996,9.479826113314315,2337.2699858333335,5.329693311919227,6.078611666666651,17.289633098546005,19.04962050000008,6.08823184919698,0.128302499400862,0.02865990582683043,8.040484016124932,0.00863246884385451,0.12702650133257018,0.02072973059072602,0.01583562970643524,0.01216091425507895,47.67381032,9.212051045299305,120.077097918,6.431927351485686,65.29525062666667,18.248095215431142,3.0412465679999983,1.4864309796175093,0.14159250947037055,0.01612160726059417,0.20089535658296265,0.09982191071577068,1.2105286415272682,0.02678363986039045,0.4342322402878755,0.3013846334207695
210,Q,Coral_Dom,9,17,0.5867500617615632,0.6600635822911377,3.657958420406086,2.2741261018958356,15.61284049257444,34.17264289358168,3.137516163212944,0.8558828415387048,-52.5825329999999,8.599539281406189,2313.8824276,7.507661507081915,71.34999500000004,12.414675525059137,40.41563759999999,9.985330806540269,0.10735222361691454,0.02700194855049786,8.052154246251016,0.01397714635427021,0.11313731496543608,0.02700670038315562,0.02103431260169316,0.00532530631601658,35.367075477499995,14.078282030790294,124.865744715,7.326160831024343,-6.495250124999991,14.205703825091677,-5.198229493749994,4.789218690879116,0.4183760618659263,0.03268143112950684,0.21834416788873973,0.06313751790355808,1.4133184493161637,0.16228964882419253,0.7591568793196554,0.09911366309776612
